top3,middle3,concept,count
B01,B01001,SEX BY AGE,49
B01,B01001,SEX BY AGE (AMERICAN INDIAN AND ALASKA NATIVE ALONE),31
B01,B01001,SEX BY AGE (ASIAN ALONE),31
B01,B01001,SEX BY AGE (BLACK OR AFRICAN AMERICAN ALONE),31
B01,B01001,SEX BY AGE (HISPANIC OR LATINO),31
B01,B01001,SEX BY AGE (NATIVE HAWAIIAN AND OTHER PACIFIC ISLANDER ALONE),31
B01,B01001,SEX BY AGE (SOME OTHER RACE ALONE),31
B01,B01001,SEX BY AGE (TWO OR MORE RACES),31
B01,B01001,SEX BY AGE (WHITE ALONE),31
B01,B01001,"SEX BY AGE (WHITE ALONE, NOT HISPANIC OR LATINO)",31
B01,B01002,MEDIAN AGE BY SEX,3
B01,B01002,MEDIAN AGE BY SEX (AMERICAN INDIAN AND ALASKA NATIVE ALONE),3
B01,B01002,MEDIAN AGE BY SEX (ASIAN ALONE),3
B01,B01002,MEDIAN AGE BY SEX (BLACK OR AFRICAN AMERICAN ALONE),3
B01,B01002,MEDIAN AGE BY SEX (HISPANIC OR LATINO),3
B01,B01002,MEDIAN AGE BY SEX (NATIVE HAWAIIAN AND OTHER PACIFIC ISLANDER ALONE),3
B01,B01002,MEDIAN AGE BY SEX (SOME OTHER RACE ALONE),3
B01,B01002,MEDIAN AGE BY SEX (TWO OR MORE RACES),3
B01,B01002,MEDIAN AGE BY SEX (WHITE ALONE),3
B01,B01002,"MEDIAN AGE BY SEX (WHITE ALONE, NOT HISPANIC OR LATINO)",3
B01,B01003,TOTAL POPULATION,1
B02,B02001,RACE,10
B02,B02003,DETAILED RACE,71
B02,B02008,WHITE ALONE OR IN COMBINATION WITH ONE OR MORE OTHER RACES,1
B02,B02009,BLACK OR AFRICAN AMERICAN ALONE OR IN COMBINATION WITH ONE OR MORE OTHER RACES,1
B02,B02010,AMERICAN INDIAN AND ALASKA NATIVE ALONE OR IN COMBINATION WITH ONE OR MORE OTHER RACES,1
B02,B02011,ASIAN ALONE OR IN COMBINATION WITH ONE OR MORE OTHER RACES,1
B02,B02012,"NATIVE HAWAIIAN AND OTHER PACIFIC ISLANDER ALONE OR IN COMBINATION WITH ONE OR MORE OTHER RACES",1
B02,B02013,SOME OTHER RACE ALONE OR IN COMBINATION WITH ONE OR MORE OTHER RACES,1
B02,B02014,AMERICAN INDIAN AND ALASKA NATIVE ALONE FOR SELECTED TRIBAL GROUPINGS,55
B02,B02015,ASIAN ALONE BY SELECTED GROUPS,25
B02,B02016,"NATIVE HAWAIIAN AND OTHER PACIFIC ISLANDER ALONE BY SELECTED GROUPS",12
B02,B02017,AMERICAN INDIAN AND ALASKA NATIVE (AIAN) ALONE OR IN ANY COMBINATION BY SELECTED TRIBAL GROUPINGS,54
B02,B02018,ASIAN ALONE OR IN ANY COMBINATION BY SELECTED GROUPS,24
B02,B02019,"NATIVE HAWAIIAN AND OTHER PACIFIC ISLANDER ALONE OR IN ANY COMBINATION BY SELECTED GROUPS",11
B03,B03001,HISPANIC OR LATINO ORIGIN BY SPECIFIC ORIGIN,31
B03,B03002,HISPANIC OR LATINO ORIGIN BY RACE,21
B03,B03003,HISPANIC OR LATINO ORIGIN,3
B04,B04004,PEOPLE REPORTING SINGLE ANCESTRY,108
B04,B04005,PEOPLE REPORTING MULTIPLE ANCESTRY,108
B04,B04006,PEOPLE REPORTING ANCESTRY,109
B04,B04007,ANCESTRY,7
B07,B07001,GEOGRAPHICAL MOBILITY IN THE PAST YEAR BY AGE FOR CURRENT RESIDENCE IN THE UNITED STATES,96
B07,B07002,MEDIAN AGE BY GEOGRAPHICAL MOBILITY IN THE PAST YEAR FOR CURRENT RESIDENCE IN THE UNITED STATES,6
B07,B07003,GEOGRAPHICAL MOBILITY IN THE PAST YEAR BY SEX FOR CURRENT RESIDENCE IN THE UNITED STATES,18
B07,B07004,GEOGRAPHICAL MOBILITY IN THE PAST YEAR (AMERICAN INDIAN AND ALASKA NATIVE ALONE) FOR CURRENT RESIDENCE IN THE UNITED STATES,6
B07,B07004,GEOGRAPHICAL MOBILITY IN THE PAST YEAR (ASIAN ALONE) FOR CURRENT RESIDENCE IN THE UNITED STATES,6
B07,B07004,GEOGRAPHICAL MOBILITY IN THE PAST YEAR (BLACK OR AFRICAN AMERICAN ALONE) FOR CURRENT RESIDENCE IN THE UNITED STATES,6
B07,B07004,GEOGRAPHICAL MOBILITY IN THE PAST YEAR (HISPANIC OR LATINO) FOR CURRENT RESIDENCE IN THE UNITED STATES,6
B07,B07004,GEOGRAPHICAL MOBILITY IN THE PAST YEAR (NATIVE HAWAIIAN AND OTHER PACIFIC ISLANDER ALONE) FOR CURRENT RESIDENCE IN THE UNITED STATES,6
B07,B07004,GEOGRAPHICAL MOBILITY IN THE PAST YEAR (SOME OTHER RACE ALONE) FOR CURRENT RESIDENCE IN THE UNITED STATES,6
B07,B07004,GEOGRAPHICAL MOBILITY IN THE PAST YEAR (TWO OR MORE RACES) FOR CURRENT RESIDENCE IN THE UNITED STATES,6
B07,B07004,GEOGRAPHICAL MOBILITY IN THE PAST YEAR (WHITE ALONE) FOR CURRENT RESIDENCE IN THE UNITED STATES,6
B07,B07004,"GEOGRAPHICAL MOBILITY IN THE PAST YEAR (WHITE ALONE, NOT HISPANIC OR LATINO) FOR CURRENT RESIDENCE IN THE UNITED STATES",6
B07,B07007,GEOGRAPHICAL MOBILITY IN THE PAST YEAR BY CITIZENSHIP STATUS FOR CURRENT RESIDENCE IN THE UNITED STATES,30
B07,B07008,GEOGRAPHICAL MOBILITY IN THE PAST YEAR BY MARITAL STATUS FOR CURRENT RESIDENCE IN THE UNITED STATES,36
B07,B07009,GEOGRAPHICAL MOBILITY IN THE PAST YEAR BY EDUCATIONAL ATTAINMENT FOR CURRENT RESIDENCE IN THE UNITED STATES,36
B07,B07010,GEOGRAPHICAL MOBILITY IN THE PAST YEAR BY INDIVIDUAL INCOME IN THE PAST 12 MONTHS (IN 2019 INFLATION-ADJUSTED DOLLARS) FOR CURRENT RESIDENCE IN THE UNITED STATES,66
B07,B07011,MEDIAN INCOME IN THE PAST 12 MONTHS (IN 2019 INFLATION-ADJUSTED DOLLARS) BY GEOGRAPHICAL MOBILITY IN THE PAST YEAR FOR CURRENT RESIDENCE IN THE UNITED STATES,6
B07,B07012,GEOGRAPHICAL MOBILITY IN THE PAST YEAR BY POVERTY STATUS IN THE PAST 12 MONTHS FOR CURRENT RESIDENCE IN THE UNITED STATES,24
B07,B07013,GEOGRAPHICAL MOBILITY IN THE PAST YEAR BY TENURE FOR CURRENT RESIDENCE IN THE UNITED STATES,18
B07,B07101,MOVERS BETWEEN REGIONS IN THE UNITED STATES,60
B07,B07201,GEOGRAPHICAL MOBILITY IN THE PAST YEAR FOR CURRENT RESIDENCE--METROPOLITAN STATISTICAL AREA LEVEL IN THE UNITED STATES,14
B07,B07202,GEOGRAPHICAL MOBILITY IN THE PAST YEAR FOR CURRENT RESIDENCE--MICROPOLITAN STATISTICAL AREA LEVEL IN THE UNITED STATES,14
B07,B07203,GEOGRAPHICAL MOBILITY IN THE PAST YEAR FOR CURRENT RESIDENCE--NOT METROPOLITAN OR MICROPOLITAN STATISTICAL AREA LEVEL IN THE UNITED STATES,11
B07,B07204,"GEOGRAPHICAL MOBILITY IN THE PAST YEAR FOR CURRENT RESIDENCE--STATE, COUNTY AND PLACE LEVEL IN THE UNITED STATES",19
B07,B07401,GEOGRAPHICAL MOBILITY IN THE PAST YEAR BY AGE FOR RESIDENCE 1 YEAR AGO IN THE UNITED STATES,80
B07,B07402,MEDIAN AGE BY GEOGRAPHICAL MOBILITY IN THE PAST YEAR FOR RESIDENCE 1 YEAR AGO IN THE UNITED STATES,5
B07,B07403,GEOGRAPHICAL MOBILITY IN THE PAST YEAR BY SEX FOR RESIDENCE 1 YEAR AGO IN THE UNITED STATES,15
B07,B07404,GEOGRAPHICAL MOBILITY IN THE PAST YEAR (AMERICAN INDIAN AND ALASKA NATIVE ALONE) FOR RESIDENCE 1 YEAR AGO IN THE UNITED STATES,5
B07,B07404,GEOGRAPHICAL MOBILITY IN THE PAST YEAR (ASIAN ALONE) FOR RESIDENCE 1 YEAR AGO IN THE UNITED STATES,5
B07,B07404,GEOGRAPHICAL MOBILITY IN THE PAST YEAR (BLACK OR AFRICAN AMERICAN ALONE) FOR RESIDENCE 1 YEAR AGO IN THE UNITED STATES,5
B07,B07404,GEOGRAPHICAL MOBILITY IN THE PAST YEAR (HISPANIC OR LATINO) FOR RESIDENCE 1 YEAR AGO IN THE UNITED STATES,5
B07,B07404,GEOGRAPHICAL MOBILITY IN THE PAST YEAR (NATIVE HAWAIIAN AND OTHER PACIFIC ISLANDER ALONE) FOR RESIDENCE 1 YEAR AGO IN THE UNITED STATES,5
B07,B07404,GEOGRAPHICAL MOBILITY IN THE PAST YEAR (SOME OTHER RACE ALONE) FOR RESIDENCE 1 YEAR AGO IN THE UNITED STATES,5
B07,B07404,GEOGRAPHICAL MOBILITY IN THE PAST YEAR (TWO OR MORE RACES) FOR RESIDENCE 1 YEAR AGO IN THE UNITED STATES,5
B07,B07404,GEOGRAPHICAL MOBILITY IN THE PAST YEAR (WHITE ALONE) FOR RESIDENCE 1 YEAR AGO IN THE UNITED STATES,5
B07,B07404,"GEOGRAPHICAL MOBILITY IN THE PAST YEAR (WHITE ALONE, NOT HISPANIC OR LATINO) FOR RESIDENCE 1 YEAR AGO IN THE UNITED STATES",5
B07,B07407,GEOGRAPHICAL MOBILITY IN THE PAST YEAR BY CITIZENSHIP STATUS FOR RESIDENCE 1 YEAR AGO IN THE UNITED STATES,25
B07,B07408,GEOGRAPHICAL MOBILITY IN THE PAST YEAR BY MARITAL STATUS FOR RESIDENCE 1 YEAR AGO IN THE UNITED STATES,30
B07,B07409,GEOGRAPHICAL MOBILITY IN THE PAST YEAR BY EDUCATIONAL ATTAINMENT FOR RESIDENCE 1 YEAR AGO IN THE UNITED STATES,30
B07,B07410,GEOGRAPHICAL MOBILITY IN THE PAST YEAR BY INDIVIDUAL INCOME IN THE PAST 12 MONTHS (IN 2019 INFLATION-ADJUSTED DOLLARS) FOR RESIDENCE 1 YEAR AGO IN THE UNITED STATES,55
B07,B07411,MEDIAN INCOME IN THE PAST 12 MONTHS (IN 2019 INFLATION-ADJUSTED DOLLARS) BY GEOGRAPHICAL MOBILITY IN THE PAST YEAR FOR RESIDENCE 1 YEAR AGO IN THE UNITED STATES,5
B07,B07412,GEOGRAPHICAL MOBILITY IN THE PAST YEAR BY POVERTY STATUS IN THE PAST 12 MONTHS FOR RESIDENCE 1 YEAR AGO IN THE UNITED STATES,20
B07,B07413,GEOGRAPHICAL MOBILITY IN THE PAST YEAR BY TENURE FOR RESIDENCE 1 YEAR AGO IN THE UNITED STATES,15
B08,B08006,SEX OF WORKERS BY MEANS OF TRANSPORTATION TO WORK,51
B08,B08007,SEX OF WORKERS BY PLACE OF WORK--STATE AND COUNTY LEVEL,15
B08,B08008,SEX OF WORKERS BY PLACE OF WORK--PLACE LEVEL,15
B08,B08009,"SEX OF WORKERS BY PLACE OF WORK--MINOR CIVIL DIVISION LEVEL FOR 12 SELECTED STATES (CT, ME, MA, MI, MN, NH, NJ, NY, PA, RI, VT, WI)",15
B08,B08011,SEX OF WORKERS BY TIME OF DEPARTURE TO GO TO WORK,45
B08,B08012,SEX OF WORKERS BY TRAVEL TIME TO WORK,39
B08,B08013,AGGREGATE TRAVEL TIME TO WORK (IN MINUTES) OF WORKERS BY SEX,3
B08,B08014,SEX OF WORKERS BY VEHICLES AVAILABLE,21
B08,B08015,"AGGREGATE NUMBER OF VEHICLES (CAR, TRUCK, OR VAN) USED IN COMMUTING BY WORKERS 16 YEARS AND OVER BY SEX",3
B08,B08016,PLACE OF WORK FOR WORKERS 16 YEARS AND OVER--METROPOLITAN STATISTICAL AREA LEVEL,23
B08,B08017,PLACE OF WORK FOR WORKERS 16 YEARS AND OVER--MICROPOLITAN STATISTICAL AREA LEVEL,23
B08,B08018,PLACE OF WORK FOR WORKERS 16 YEARS AND OVER--NOT METROPOLITAN OR MICROPOLITAN STATISTICAL AREA LEVEL,8
B08,B08101,MEANS OF TRANSPORTATION TO WORK BY AGE,56
B08,B08103,MEDIAN AGE BY MEANS OF TRANSPORTATION TO WORK,7
B08,B08105,MEANS OF TRANSPORTATION TO WORK (AMERICAN INDIAN AND ALASKA NATIVE ALONE),7
B08,B08105,MEANS OF TRANSPORTATION TO WORK (ASIAN ALONE),7
B08,B08105,MEANS OF TRANSPORTATION TO WORK (BLACK OR AFRICAN AMERICAN ALONE),7
B08,B08105,MEANS OF TRANSPORTATION TO WORK (HISPANIC OR LATINO),7
B08,B08105,MEANS OF TRANSPORTATION TO WORK (NATIVE HAWAIIAN AND OTHER PACIFIC ISLANDER ALONE),7
B08,B08105,MEANS OF TRANSPORTATION TO WORK (SOME OTHER RACE ALONE),7
B08,B08105,MEANS OF TRANSPORTATION TO WORK (TWO OR MORE RACES),7
B08,B08105,MEANS OF TRANSPORTATION TO WORK (WHITE ALONE),7
B08,B08105,"MEANS OF TRANSPORTATION TO WORK (WHITE ALONE, NOT HISPANIC OR LATINO)",7
B08,B08111,MEANS OF TRANSPORTATION TO WORK BY CITIZENSHIP STATUS,35
B08,B08113,MEANS OF TRANSPORTATION TO WORK BY LANGUAGE SPOKEN AT HOME AND ABILITY TO SPEAK ENGLISH,56
B08,B08119,MEANS OF TRANSPORTATION TO WORK BY WORKERS' EARNINGS IN THE PAST 12 MONTHS (IN 2019 INFLATION-ADJUSTED DOLLARS),63
B08,B08121,MEDIAN EARNINGS IN THE PAST 12 MONTHS (IN 2019 INFLATION-ADJUSTED DOLLARS) BY MEANS OF TRANSPORTATION TO WORK,7
B08,B08122,MEANS OF TRANSPORTATION TO WORK BY POVERTY STATUS IN THE PAST 12 MONTHS,28
B08,B08124,MEANS OF TRANSPORTATION TO WORK BY OCCUPATION,49
B08,B08126,MEANS OF TRANSPORTATION TO WORK BY INDUSTRY,105
B08,B08128,MEANS OF TRANSPORTATION TO WORK BY CLASS OF WORKER,70
B08,B08130,MEANS OF TRANSPORTATION TO WORK BY PLACE OF WORK--STATE AND COUNTY LEVEL,31
B08,B08131,AGGREGATE TRAVEL TIME TO WORK (IN MINUTES) OF WORKERS BY PLACE OF WORK--STATE AND COUNTY LEVEL,5
B08,B08132,MEANS OF TRANSPORTATION TO WORK BY TIME OF DEPARTURE TO GO TO WORK,90
B08,B08133,AGGREGATE TRAVEL TIME TO WORK (IN MINUTES) OF WORKERS BY TIME OF DEPARTURE TO GO TO WORK,15
B08,B08134,MEANS OF TRANSPORTATION TO WORK BY TRAVEL TIME TO WORK,120
B08,B08135,AGGREGATE TRAVEL TIME TO WORK (IN MINUTES) OF WORKERS BY TRAVEL TIME TO WORK,10
B08,B08136,AGGREGATE TRAVEL TIME TO WORK (IN MINUTES) OF WORKERS BY MEANS OF TRANSPORTATION TO WORK,12
B08,B08137,MEANS OF TRANSPORTATION TO WORK BY TENURE,21
B08,B08141,MEANS OF TRANSPORTATION TO WORK BY VEHICLES AVAILABLE,35
B08,B08201,HOUSEHOLD SIZE BY VEHICLES AVAILABLE,30
B08,B08202,HOUSEHOLD SIZE BY NUMBER OF WORKERS IN HOUSEHOLD,22
B08,B08203,NUMBER OF WORKERS IN HOUSEHOLD BY VEHICLES AVAILABLE,30
B08,B08301,MEANS OF TRANSPORTATION TO WORK,21
B08,B08302,TIME OF DEPARTURE TO GO TO WORK,15
B08,B08303,TRAVEL TIME TO WORK,13
B08,B08406,SEX OF WORKERS BY MEANS OF TRANSPORTATION TO WORK FOR WORKPLACE GEOGRAPHY,51
B08,B08412,SEX OF WORKERS BY TRAVEL TIME TO WORK FOR WORKPLACE GEOGRAPHY,39
B08,B08501,MEANS OF TRANSPORTATION TO WORK BY AGE FOR WORKPLACE GEOGRAPHY,56
B08,B08503,MEDIAN AGE BY MEANS OF TRANSPORTATION TO WORK FOR WORKPLACE GEOGRAPHY,7
B08,B08505,MEANS OF TRANSPORTATION TO WORK FOR WORKPLACE GEOGRAPHY (AMERICAN INDIAN AND ALASKA NATIVE ALONE),7
B08,B08505,MEANS OF TRANSPORTATION TO WORK FOR WORKPLACE GEOGRAPHY (ASIAN ALONE),7
B08,B08505,MEANS OF TRANSPORTATION TO WORK FOR WORKPLACE GEOGRAPHY (BLACK OR AFRICAN AMERICAN ALONE),7
B08,B08505,MEANS OF TRANSPORTATION TO WORK FOR WORKPLACE GEOGRAPHY (HISPANIC OR LATINO),7
B08,B08505,MEANS OF TRANSPORTATION TO WORK FOR WORKPLACE GEOGRAPHY (NATIVE HAWAIIAN AND OTHER PACIFIC ISLANDER ALONE),7
B08,B08505,MEANS OF TRANSPORTATION TO WORK FOR WORKPLACE GEOGRAPHY (SOME OTHER RACE ALONE),7
B08,B08505,MEANS OF TRANSPORTATION TO WORK FOR WORKPLACE GEOGRAPHY (TWO OR MORE RACES),7
B08,B08505,MEANS OF TRANSPORTATION TO WORK FOR WORKPLACE GEOGRAPHY (WHITE ALONE),7
B08,B08505,"MEANS OF TRANSPORTATION TO WORK FOR WORKPLACE GEOGRAPHY (WHITE ALONE, NOT HISPANIC OR LATINO)",7
B08,B08511,MEANS OF TRANSPORTATION TO WORK BY CITIZENSHIP STATUS FOR WORKPLACE GEOGRAPHY,35
B08,B08513,MEANS OF TRANSPORTATION TO WORK BY LANGUAGE SPOKEN AT HOME AND ABILITY TO SPEAK ENGLISH FOR WORKPLACE GEOGRAPHY,56
B08,B08519,MEANS OF TRANSPORTATION TO WORK BY WORKERS' EARNINGS IN THE PAST 12 MONTHS (IN 2019 INFLATION-ADJUSTED DOLLARS) FOR WORKPLACE GEOGRAPHY,63
B08,B08521,MEDIAN EARNINGS IN THE PAST 12 MONTHS (IN 2019 INFLATION-ADJUSTED DOLLARS) BY MEANS OF TRANSPORTATION TO WORK FOR WORKPLACE GEOGRAPHY,7
B08,B08522,MEANS OF TRANSPORTATION TO WORK BY POVERTY STATUS IN THE PAST 12 MONTHS FOR WORKPLACE GEOGRAPHY,28
B08,B08524,MEANS OF TRANSPORTATION TO WORK BY OCCUPATION FOR WORKPLACE GEOGRAPHY,49
B08,B08526,MEANS OF TRANSPORTATION TO WORK BY INDUSTRY FOR WORKPLACE GEOGRAPHY,105
B08,B08528,MEANS OF TRANSPORTATION TO WORK BY CLASS OF WORKER FOR WORKPLACE GEOGRAPHY,70
B08,B08532,MEANS OF TRANSPORTATION TO WORK BY TIME ARRIVING AT WORK FOR WORKPLACE GEOGRAPHY,90
B08,B08534,MEANS OF TRANSPORTATION TO WORK BY TRAVEL TIME TO WORK FOR WORKPLACE GEOGRAPHY,120
B08,B08536,AGGREGATE TRAVEL TIME TO WORK (IN MINUTES) OF WORKERS BY MEANS OF TRANSPORTATION TO WORK FOR WORKPLACE GEOGRAPHY,12
B08,B08537,MEANS OF TRANSPORTATION TO WORK BY TENURE FOR WORKPLACE GEOGRAPHY,21
B08,B08541,MEANS OF TRANSPORTATION TO WORK BY VEHICLES AVAILABLE FOR WORKPLACE GEOGRAPHY,35
B08,B08601,MEANS OF TRANSPORTATION TO WORK FOR WORKPLACE GEOGRAPHY,21
B08,B08602,TIME ARRIVING AT WORK FOR WORKPLACE GEOGRAPHY,15
B08,B08603,TRAVEL TIME TO WORK FOR WORKPLACE GEOGRAPHY,13
B08,B08604,WORKER POPULATION FOR WORKPLACE GEOGRAPHY,1
B09,B09001,POPULATION UNDER 18 YEARS BY AGE,10
B09,B09002,OWN CHILDREN UNDER 18 YEARS BY FAMILY TYPE AND AGE,20
B09,B09005,"HOUSEHOLD TYPE FOR CHILDREN UNDER 18 YEARS IN HOUSEHOLDS (EXCLUDING HOUSEHOLDERS, SPOUSES, AND UNMARRIED PARTNERS)",5
B09,B09010,"RECEIPT OF SUPPLEMENTAL SECURITY INCOME (SSI), CASH PUBLIC ASSISTANCE INCOME, OR FOOD STAMPS/SNAP IN THE PAST 12 MONTHS BY HOUSEHOLD TYPE FOR CHILDREN UNDER 18 YEARS IN HOUSEHOLDS",13
B09,B09018,RELATIONSHIP TO HOUSEHOLDER FOR CHILDREN UNDER 18 YEARS IN HOUSEHOLDS,8
B09,B09019,HOUSEHOLD TYPE (INCLUDING LIVING ALONE) BY RELATIONSHIP,26
B09,B09020,RELATIONSHIP BY HOUSEHOLD TYPE (INCLUDING LIVING ALONE) FOR THE POPULATION 65 YEARS AND OVER,21
B09,B09021,LIVING ARRANGEMENTS OF ADULTS 18 YEARS AND OVER BY AGE,28
B10,B10001,GRANDCHILDREN UNDER 18 YEARS LIVING WITH A GRANDPARENT HOUSEHOLDER BY AGE OF GRANDCHILD,4
B10,B10002,GRANDCHILDREN UNDER 18 YEARS LIVING WITH A GRANDPARENT HOUSEHOLDER BY GRANDPARENT RESPONSIBILITY AND PRESENCE OF PARENT,5
B10,B10010,MEDIAN FAMILY INCOME FOR FAMILIES WITH GRANDPARENT HOUSEHOLDERS AND/OR SPOUSES LIVING WITH OWN GRANDCHILDREN UNDER 18 YEARS BY RESPONSIBILITY FOR OWN GRANDCHILDREN AND PRESENCE OF PARENT OF GRANDCHILDREN,3
B10,B10050,GRANDPARENTS LIVING WITH OWN GRANDCHILDREN UNDER 18 YEARS BY RESPONSIBILITY FOR OWN GRANDCHILDREN BY LENGTH OF TIME RESPONSIBLE FOR OWN GRANDCHILDREN FOR THE POPULATION 30 YEARS AND OVER,10
B10,B10051,GRANDPARENTS LIVING WITH OWN GRANDCHILDREN UNDER 18 YEARS BY RESPONSIBILITY FOR OWN GRANDCHILDREN AND AGE OF GRANDPARENT (AMERICAN INDIAN AND ALASKA NATIVE ALONE),7
B10,B10051,GRANDPARENTS LIVING WITH OWN GRANDCHILDREN UNDER 18 YEARS BY RESPONSIBILITY FOR OWN GRANDCHILDREN AND AGE OF GRANDPARENT (ASIAN ALONE),7
B10,B10051,GRANDPARENTS LIVING WITH OWN GRANDCHILDREN UNDER 18 YEARS BY RESPONSIBILITY FOR OWN GRANDCHILDREN AND AGE OF GRANDPARENT (BLACK OR AFRICAN AMERICAN ALONE),7
B10,B10051,GRANDPARENTS LIVING WITH OWN GRANDCHILDREN UNDER 18 YEARS BY RESPONSIBILITY FOR OWN GRANDCHILDREN AND AGE OF GRANDPARENT (HISPANIC OR LATINO),7
B10,B10051,GRANDPARENTS LIVING WITH OWN GRANDCHILDREN UNDER 18 YEARS BY RESPONSIBILITY FOR OWN GRANDCHILDREN AND AGE OF GRANDPARENT (NATIVE HAWAIIAN AND OTHER PACIFIC ISLANDER ALONE),7
B10,B10051,GRANDPARENTS LIVING WITH OWN GRANDCHILDREN UNDER 18 YEARS BY RESPONSIBILITY FOR OWN GRANDCHILDREN AND AGE OF GRANDPARENT (SOME OTHER RACE ALONE),7
B10,B10051,GRANDPARENTS LIVING WITH OWN GRANDCHILDREN UNDER 18 YEARS BY RESPONSIBILITY FOR OWN GRANDCHILDREN AND AGE OF GRANDPARENT (TWO OR MORE RACES),7
B10,B10051,GRANDPARENTS LIVING WITH OWN GRANDCHILDREN UNDER 18 YEARS BY RESPONSIBILITY FOR OWN GRANDCHILDREN AND AGE OF GRANDPARENT (WHITE ALONE),7
B10,B10051,"GRANDPARENTS LIVING WITH OWN GRANDCHILDREN UNDER 18 YEARS BY RESPONSIBILITY FOR OWN GRANDCHILDREN AND AGE OF GRANDPARENT (WHITE ALONE, NOT HISPANIC OR LATINO)",7
B10,B10051,GRANDPARENTS LIVING WITH OWN GRANDCHILDREN UNDER 18 YEARS BY RESPONSIBILITY FOR OWN GRANDCHILDREN BY PRESENCE OF PARENT OF GRANDCHILDREN AND AGE OF GRANDPARENT,11
B10,B10052,DISABILITY STATUS OF GRANDPARENTS LIVING WITH OWN GRANDCHILDREN UNDER 18 YEARS BY RESPONSIBILITY FOR OWN GRANDCHILDREN AND AGE OF GRANDPARENT,11
B10,B10053,"NATIVITY BY GRANDPARENTS RESPONSIBLE FOR OWN GRANDCHILDREN UNDER 18 YEARS BY AGE OF GRANDPARENT",11
B10,B10054,LANGUAGE AND ABILITY TO SPEAK ENGLISH OF GRANDPARENTS LIVING WITH OWN GRANDCHILDREN UNDER 18 YEARS BY RESPONSIBILITY FOR OWN GRANDCHILDREN AND AGE OF GRANDPARENT,17
B10,B10056,SEX OF GRANDPARENTS LIVING WITH OWN GRANDCHILDREN UNDER 18 YEARS BY RESPONSIBILITY FOR OWN GRANDCHILDREN AND AGE OF GRANDPARENT,11
B10,B10057,MARITAL STATUS BY GRANDPARENTS LIVING WITH OWN GRANDCHILDREN UNDER 18 YEARS BY RESPONSIBILITY FOR OWN GRANDCHILDREN AND AGE OF GRANDPARENT,11
B10,B10058,EMPLOYMENT STATUS OF GRANDPARENTS LIVING WITH OWN GRANDCHILDREN UNDER 18 YEARS BY RESPONSIBILITY FOR OWN GRANDCHILDREN AND AGE OF GRANDPARENT,11
B10,B10059,POVERTY STATUS IN THE PAST 12 MONTHS OF GRANDPARENTS LIVING WITH OWN GRANDCHILDREN UNDER 18 YEARS BY RESPONSIBILITY FOR OWN GRANDCHILDREN AND AGE OF GRANDPARENT,11
B10,B10063,HOUSEHOLDS WITH GRANDPARENTS LIVING WITH OWN GRANDCHILDREN UNDER 18 YEARS BY RESPONSIBILITY FOR OWN GRANDCHILDREN AND PRESENCE OF PARENT OF GRANDCHILDREN,7
B11,B11001,HOUSEHOLD TYPE (INCLUDING LIVING ALONE),9
B11,B11001,HOUSEHOLD TYPE (INCLUDING LIVING ALONE) (AMERICAN INDIAN AND ALASKA NATIVE ALONE),9
B11,B11001,HOUSEHOLD TYPE (INCLUDING LIVING ALONE) (ASIAN ALONE),9
B11,B11001,HOUSEHOLD TYPE (INCLUDING LIVING ALONE) (BLACK OR AFRICAN AMERICAN ALONE),9
B11,B11001,HOUSEHOLD TYPE (INCLUDING LIVING ALONE) (HISPANIC OR LATINO),9
B11,B11001,HOUSEHOLD TYPE (INCLUDING LIVING ALONE) (NATIVE HAWAIIAN AND OTHER PACIFIC ISLANDER ALONE),9
B11,B11001,HOUSEHOLD TYPE (INCLUDING LIVING ALONE) (SOME OTHER RACE ALONE),9
B11,B11001,HOUSEHOLD TYPE (INCLUDING LIVING ALONE) (TWO OR MORE RACES),9
B11,B11001,HOUSEHOLD TYPE (INCLUDING LIVING ALONE) (WHITE ALONE),9
B11,B11001,"HOUSEHOLD TYPE (INCLUDING LIVING ALONE) (WHITE ALONE, NOT HISPANIC OR LATINO)",9
B11,B11002,HOUSEHOLD TYPE BY RELATIVES AND NONRELATIVES FOR POPULATION IN HOUSEHOLDS,12
B11,B11002,HOUSEHOLD TYPE BY RELATIVES AND NONRELATIVES FOR POPULATION IN HOUSEHOLDS (AMERICAN INDIAN AND ALASKA NATIVE ALONE),12
B11,B11002,HOUSEHOLD TYPE BY RELATIVES AND NONRELATIVES FOR POPULATION IN HOUSEHOLDS (ASIAN ALONE),12
B11,B11002,HOUSEHOLD TYPE BY RELATIVES AND NONRELATIVES FOR POPULATION IN HOUSEHOLDS (BLACK OR AFRICAN AMERICAN ALONE),12
B11,B11002,HOUSEHOLD TYPE BY RELATIVES AND NONRELATIVES FOR POPULATION IN HOUSEHOLDS (HISPANIC OR LATINO),12
B11,B11002,HOUSEHOLD TYPE BY RELATIVES AND NONRELATIVES FOR POPULATION IN HOUSEHOLDS (NATIVE HAWAIIAN AND OTHER PACIFIC ISLANDER ALONE),12
B11,B11002,HOUSEHOLD TYPE BY RELATIVES AND NONRELATIVES FOR POPULATION IN HOUSEHOLDS (SOME OTHER RACE ALONE),12
B11,B11002,HOUSEHOLD TYPE BY RELATIVES AND NONRELATIVES FOR POPULATION IN HOUSEHOLDS (TWO OR MORE RACES),12
B11,B11002,HOUSEHOLD TYPE BY RELATIVES AND NONRELATIVES FOR POPULATION IN HOUSEHOLDS (WHITE ALONE),12
B11,B11002,"HOUSEHOLD TYPE BY RELATIVES AND NONRELATIVES FOR POPULATION IN HOUSEHOLDS (WHITE ALONE, NOT HISPANIC OR LATINO)",12
B11,B11003,FAMILY TYPE BY PRESENCE AND AGE OF OWN CHILDREN UNDER 18 YEARS,20
B11,B11004,FAMILY TYPE BY PRESENCE AND AGE OF RELATED CHILDREN UNDER 18 YEARS,20
B11,B11005,HOUSEHOLDS BY PRESENCE OF PEOPLE UNDER 18 YEARS BY HOUSEHOLD TYPE,19
B11,B11006,HOUSEHOLDS BY PRESENCE OF PEOPLE 60 YEARS AND OVER BY HOUSEHOLD TYPE,15
B11,B11007,"HOUSEHOLDS BY PRESENCE OF PEOPLE 65 YEARS AND OVER, HOUSEHOLD SIZE AND HOUSEHOLD TYPE",11
B11,B11008,COHABITING COUPLE HOUSEHOLDS BY PRESENCE AND AGE OF OWN CHILDREN UNDER 18 YEARS,8
B11,B11009,COUPLED HOUSEHOLDS BY TYPE,12
B11,B11010,NONFAMILY HOUSEHOLDS BY SEX OF HOUSEHOLDER BY LIVING ALONE BY AGE OF HOUSEHOLDER,15
B11,B11011,HOUSEHOLD TYPE BY UNITS IN STRUCTURE,19
B11,B11012,HOUSEHOLDS BY TYPE,17
B11,B11013,SUBFAMILY TYPE BY PRESENCE OF OWN CHILDREN UNDER 18 YEARS,6
B11,B11014,POPULATION IN SUBFAMILIES BY SUBFAMILY TYPE BY RELATIONSHIP,11
B11,B11015,HOUSEHOLDS BY PRESENCE OF NONRELATIVES,3
B11,B11016,HOUSEHOLD TYPE BY HOUSEHOLD SIZE,16
B11,B11017,MULTIGENERATIONAL HOUSEHOLDS,3
B12,B12001,SEX BY MARITAL STATUS FOR THE POPULATION 15 YEARS AND OVER,19
B12,B12002,SEX BY MARITAL STATUS BY AGE FOR THE POPULATION 15 YEARS AND OVER,187
B12,B12002,SEX BY MARITAL STATUS FOR THE POPULATION 15 YEARS AND OVER (AMERICAN INDIAN AND ALASKA NATIVE ALONE),13
B12,B12002,SEX BY MARITAL STATUS FOR THE POPULATION 15 YEARS AND OVER (ASIAN ALONE),13
B12,B12002,SEX BY MARITAL STATUS FOR THE POPULATION 15 YEARS AND OVER (BLACK OR AFRICAN AMERICAN ALONE),13
B12,B12002,SEX BY MARITAL STATUS FOR THE POPULATION 15 YEARS AND OVER (HISPANIC OR LATINO),13
B12,B12002,SEX BY MARITAL STATUS FOR THE POPULATION 15 YEARS AND OVER (NATIVE HAWAIIAN AND OTHER PACIFIC ISLANDER ALONE),13
B12,B12002,SEX BY MARITAL STATUS FOR THE POPULATION 15 YEARS AND OVER (SOME OTHER RACE ALONE),13
B12,B12002,SEX BY MARITAL STATUS FOR THE POPULATION 15 YEARS AND OVER (TWO OR MORE RACES),13
B12,B12002,SEX BY MARITAL STATUS FOR THE POPULATION 15 YEARS AND OVER (WHITE ALONE),13
B12,B12002,"SEX BY MARITAL STATUS FOR THE POPULATION 15 YEARS AND OVER (WHITE ALONE, NOT HISPANIC OR LATINO)",13
B12,B12006,MARITAL STATUS BY SEX BY LABOR FORCE PARTICIPATION,56
B12,B12007,MEDIAN AGE AT FIRST MARRIAGE,2
B12,B12007,MEDIAN AGE AT FIRST MARRIAGE (AMERICAN INDIAN AND ALASKA NATIVE ALONE),2
B12,B12007,MEDIAN AGE AT FIRST MARRIAGE (ASIAN ALONE),2
B12,B12007,MEDIAN AGE AT FIRST MARRIAGE (BLACK OR AFRICAN AMERICAN ALONE),2
B12,B12007,MEDIAN AGE AT FIRST MARRIAGE (HISPANIC OR LATINO),2
B12,B12007,MEDIAN AGE AT FIRST MARRIAGE (NATIVE HAWAIIAN AND OTHER PACIFIC ISLANDER ALONE),2
B12,B12007,MEDIAN AGE AT FIRST MARRIAGE (SOME OTHER RACE ALONE),2
B12,B12007,MEDIAN AGE AT FIRST MARRIAGE (TWO OR MORE RACES),2
B12,B12007,MEDIAN AGE AT FIRST MARRIAGE (WHITE ALONE),2
B12,B12007,"MEDIAN AGE AT FIRST MARRIAGE (WHITE ALONE, NOT HISPANIC OR LATINO)",2
B12,B12501,MARRIAGES IN THE LAST YEAR BY SEX BY MARITAL STATUS FOR THE POPULATION 15 YEARS AND OVER,11
B12,B12502,MARRIAGES ENDING IN WIDOWHOOD IN THE LAST YEAR BY SEX BY MARITAL STATUS FOR THE POPULATION 15 YEARS AND OVER,11
B12,B12503,DIVORCES IN THE LAST YEAR BY SEX BY MARITAL STATUS FOR THE POPULATION 15 YEARS AND OVER,11
B12,B12504,MEDIAN DURATION OF CURRENT MARRIAGE IN YEARS BY SEX BY MARITAL STATUS FOR THE MARRIED POPULATION 15 YEARS AND OVER,13
B12,B12505,NUMBER OF TIMES MARRIED BY SEX BY MARITAL STATUS FOR THE POPULATION 15 YEARS AND OVER,13
B13,B13002,WOMEN 15 TO 50 YEARS WHO HAD A BIRTH IN THE PAST 12 MONTHS BY MARITAL STATUS (AMERICAN INDIAN AND ALASKA NATIVE ALONE),7
B13,B13002,WOMEN 15 TO 50 YEARS WHO HAD A BIRTH IN THE PAST 12 MONTHS BY MARITAL STATUS (ASIAN ALONE),7
B13,B13002,WOMEN 15 TO 50 YEARS WHO HAD A BIRTH IN THE PAST 12 MONTHS BY MARITAL STATUS (BLACK OR AFRICAN AMERICAN ALONE),7
B13,B13002,WOMEN 15 TO 50 YEARS WHO HAD A BIRTH IN THE PAST 12 MONTHS BY MARITAL STATUS (HISPANIC OR LATINO),7
B13,B13002,WOMEN 15 TO 50 YEARS WHO HAD A BIRTH IN THE PAST 12 MONTHS BY MARITAL STATUS (NATIVE HAWAIIAN AND OTHER PACIFIC ISLANDER ALONE),7
B13,B13002,WOMEN 15 TO 50 YEARS WHO HAD A BIRTH IN THE PAST 12 MONTHS BY MARITAL STATUS (SOME OTHER RACE ALONE),7
B13,B13002,WOMEN 15 TO 50 YEARS WHO HAD A BIRTH IN THE PAST 12 MONTHS BY MARITAL STATUS (TWO OR MORE RACES),7
B13,B13002,WOMEN 15 TO 50 YEARS WHO HAD A BIRTH IN THE PAST 12 MONTHS BY MARITAL STATUS (WHITE ALONE),7
B13,B13002,"WOMEN 15 TO 50 YEARS WHO HAD A BIRTH IN THE PAST 12 MONTHS BY MARITAL STATUS (WHITE ALONE, NOT HISPANIC OR LATINO)",7
B13,B13002,WOMEN 15 TO 50 YEARS WHO HAD A BIRTH IN THE PAST 12 MONTHS BY MARITAL STATUS AND AGE,19
B13,B13004,WOMEN 15 TO 50 YEARS WHO HAD A BIRTH IN THE PAST 12 MONTHS BY PRESENCE OF SPOUSE OR UNMARRIED PARTNER,9
B13,B13008,WOMEN 15 TO 50 YEARS WHO HAD A BIRTH IN THE PAST 12 MONTHS BY MARITAL STATUS AND NATIVITY,15
B13,B13010,WOMEN 15 TO 50 YEARS WHO HAD A BIRTH IN THE PAST 12 MONTHS BY MARITAL STATUS AND POVERTY STATUS IN THE PAST 12 MONTHS,19
B13,B13012,WOMEN 16 TO 50 YEARS WHO HAD A BIRTH IN THE PAST 12 MONTHS BY MARITAL STATUS AND LABOR FORCE STATUS,15
B13,B13014,WOMEN 15 TO 50 YEARS WHO HAD A BIRTH IN THE PAST 12 MONTHS BY MARITAL STATUS AND EDUCATIONAL ATTAINMENT,27
B13,B13015,WOMEN 15 TO 50 YEARS WHO HAD A BIRTH IN THE PAST 12 MONTHS BY MARITAL STATUS AND RECEIPT OF PUBLIC ASSISTANCE INCOME IN THE PAST 12 MONTHS,15
B13,B13016,WOMEN 15 TO 50 YEARS WHO HAD A BIRTH IN THE PAST 12 MONTHS BY AGE,17
B14,B14001,SCHOOL ENROLLMENT BY LEVEL OF SCHOOL FOR THE POPULATION 3 YEARS AND OVER,10
B14,B14002,SEX BY SCHOOL ENROLLMENT BY LEVEL OF SCHOOL BY TYPE OF SCHOOL FOR THE POPULATION 3 YEARS AND OVER,49
B14,B14003,SEX BY SCHOOL ENROLLMENT BY TYPE OF SCHOOL BY AGE FOR THE POPULATION 3 YEARS AND OVER,57
B14,B14004,SEX BY COLLEGE OR GRADUATE SCHOOL ENROLLMENT BY TYPE OF SCHOOL BY AGE FOR THE POPULATION 15 YEARS AND OVER,33
B14,B14005,SEX BY SCHOOL ENROLLMENT BY EDUCATIONAL ATTAINMENT BY EMPLOYMENT STATUS FOR THE POPULATION 16 TO 19 YEARS,29
B14,B14006,POVERTY STATUS IN THE PAST 12 MONTHS BY SCHOOL ENROLLMENT BY LEVEL OF SCHOOL FOR THE POPULATION 3 YEARS AND OVER,21
B14,B14007,SCHOOL ENROLLMENT BY DETAILED  LEVEL OF SCHOOL FOR THE POPULATION 3 YEARS AND OVER,19
B14,B14007,SCHOOL ENROLLMENT BY DETAILED LEVEL OF SCHOOL FOR THE POPULATION 3 YEARS AND OVER (AMERICAN INDIAN AND ALASKA NATIVE ALONE),19
B14,B14007,SCHOOL ENROLLMENT BY DETAILED LEVEL OF SCHOOL FOR THE POPULATION 3 YEARS AND OVER (ASIAN ALONE),19
B14,B14007,SCHOOL ENROLLMENT BY DETAILED LEVEL OF SCHOOL FOR THE POPULATION 3 YEARS AND OVER (BLACK OR AFRICAN AMERICAN ALONE),19
B14,B14007,SCHOOL ENROLLMENT BY DETAILED LEVEL OF SCHOOL FOR THE POPULATION 3 YEARS AND OVER (HISPANIC OR LATINO),19
B14,B14007,SCHOOL ENROLLMENT BY DETAILED LEVEL OF SCHOOL FOR THE POPULATION 3 YEARS AND OVER (NATIVE HAWAIIAN AND OTHER PACIFIC ISLANDER ALONE),19
B14,B14007,SCHOOL ENROLLMENT BY DETAILED LEVEL OF SCHOOL FOR THE POPULATION 3 YEARS AND OVER (SOME OTHER RACE ALONE),19
B14,B14007,SCHOOL ENROLLMENT BY DETAILED LEVEL OF SCHOOL FOR THE POPULATION 3 YEARS AND OVER (TWO OR MORE RACES),19
B14,B14007,SCHOOL ENROLLMENT BY DETAILED LEVEL OF SCHOOL FOR THE POPULATION 3 YEARS AND OVER (WHITE ALONE),19
B14,B14007,"SCHOOL ENROLLMENT BY DETAILED LEVEL OF SCHOOL FOR THE POPULATION 3 YEARS AND OVER (WHITE ALONE, NOT HISPANIC OR LATINO)",19
B15,B15001,SEX BY AGE BY EDUCATIONAL ATTAINMENT FOR THE POPULATION 18 YEARS AND OVER,83
B15,B15002,SEX BY EDUCATIONAL ATTAINMENT FOR THE POPULATION 25 YEARS AND OVER,35
B15,B15002,SEX BY EDUCATIONAL ATTAINMENT FOR THE POPULATION 25 YEARS AND OVER (AMERICAN INDIAN AND ALASKA NATIVE ALONE),19
B15,B15002,SEX BY EDUCATIONAL ATTAINMENT FOR THE POPULATION 25 YEARS AND OVER (ASIAN ALONE),19
B15,B15002,SEX BY EDUCATIONAL ATTAINMENT FOR THE POPULATION 25 YEARS AND OVER (BLACK OR AFRICAN AMERICAN ALONE),19
B15,B15002,SEX BY EDUCATIONAL ATTAINMENT FOR THE POPULATION 25 YEARS AND OVER (HISPANIC OR LATINO),19
B15,B15002,SEX BY EDUCATIONAL ATTAINMENT FOR THE POPULATION 25 YEARS AND OVER (NATIVE HAWAIIAN AND OTHER PACIFIC ISLANDER ALONE),19
B15,B15002,SEX BY EDUCATIONAL ATTAINMENT FOR THE POPULATION 25 YEARS AND OVER (SOME OTHER RACE ALONE),19
B15,B15002,SEX BY EDUCATIONAL ATTAINMENT FOR THE POPULATION 25 YEARS AND OVER (TWO OR MORE RACES),19
B15,B15002,SEX BY EDUCATIONAL ATTAINMENT FOR THE POPULATION 25 YEARS AND OVER (WHITE ALONE),19
B15,B15002,"SEX BY EDUCATIONAL ATTAINMENT FOR THE POPULATION 25 YEARS AND OVER (WHITE ALONE, NOT HISPANIC OR LATINO)",19
B15,B15003,EDUCATIONAL ATTAINMENT FOR THE POPULATION 25 YEARS AND OVER,25
B15,B15010,DETAILED FIELD OF BACHELOR'S DEGREE FOR FIRST MAJOR FOR THE POPULATION 25 YEARS AND OVER,16
B15,B15011,SEX BY AGE BY FIELD OF BACHELOR'S DEGREE FOR FIRST MAJOR FOR THE POPULATION 25 YEARS AND OVER,39
B15,B15012,TOTAL FIELDS OF BACHELOR'S DEGREES REPORTED,16
B16,B16001,LANGUAGE SPOKEN AT HOME BY ABILITY TO SPEAK ENGLISH FOR THE POPULATION 5 YEARS AND OVER,128
B16,B16002,DETAILED HOUSEHOLD LANGUAGE BY HOUSEHOLD LIMITED ENGLISH SPEAKING STATUS,38
B16,B16003,AGE BY LANGUAGE SPOKEN AT HOME FOR THE POPULATION 5 YEARS AND OVER IN LIMITED ENGLISH SPEAKING HOUSEHOLDS,12
B16,B16004,AGE BY LANGUAGE SPOKEN AT HOME BY ABILITY TO SPEAK ENGLISH FOR THE POPULATION 5 YEARS AND OVER,67
B16,B16005,"NATIVITY BY LANGUAGE SPOKEN AT HOME BY ABILITY TO SPEAK ENGLISH FOR THE POPULATION 5 YEARS AND OVER",45
B16,B16005,"NATIVITY BY LANGUAGE SPOKEN AT HOME BY ABILITY TO SPEAK ENGLISH FOR THE POPULATION 5 YEARS AND OVER (AMERICAN INDIAN AND ALASKA NATIVE ALONE)",11
B16,B16005,"NATIVITY BY LANGUAGE SPOKEN AT HOME BY ABILITY TO SPEAK ENGLISH FOR THE POPULATION 5 YEARS AND OVER (ASIAN ALONE)",11
B16,B16005,"NATIVITY BY LANGUAGE SPOKEN AT HOME BY ABILITY TO SPEAK ENGLISH FOR THE POPULATION 5 YEARS AND OVER (BLACK OR AFRICAN AMERICAN ALONE)",11
B16,B16005,"NATIVITY BY LANGUAGE SPOKEN AT HOME BY ABILITY TO SPEAK ENGLISH FOR THE POPULATION 5 YEARS AND OVER (HISPANIC OR LATINO)",11
B16,B16005,"NATIVITY BY LANGUAGE SPOKEN AT HOME BY ABILITY TO SPEAK ENGLISH FOR THE POPULATION 5 YEARS AND OVER (NATIVE HAWAIIAN AND OTHER PACIFIC ISLANDER ALONE)",11
B16,B16005,"NATIVITY BY LANGUAGE SPOKEN AT HOME BY ABILITY TO SPEAK ENGLISH FOR THE POPULATION 5 YEARS AND OVER (SOME OTHER RACE ALONE)",11
B16,B16005,"NATIVITY BY LANGUAGE SPOKEN AT HOME BY ABILITY TO SPEAK ENGLISH FOR THE POPULATION 5 YEARS AND OVER (TWO OR MORE RACES)",11
B16,B16005,"NATIVITY BY LANGUAGE SPOKEN AT HOME BY ABILITY TO SPEAK ENGLISH FOR THE POPULATION 5 YEARS AND OVER (WHITE ALONE)",11
B16,B16005,"NATIVITY BY LANGUAGE SPOKEN AT HOME BY ABILITY TO SPEAK ENGLISH FOR THE POPULATION 5 YEARS AND OVER (WHITE ALONE, NOT HISPANIC OR LATINO)",11
B16,B16006,LANGUAGE SPOKEN AT HOME BY ABILITY TO SPEAK ENGLISH FOR THE POPULATION 5 YEARS AND OVER (HISPANIC OR LATINO),8
B16,B16007,AGE BY LANGUAGE SPOKEN AT HOME FOR THE POPULATION 5 YEARS AND OVER,19
B16,B16008,CITIZENSHIP STATUS BY AGE BY LANGUAGE SPOKEN AT HOME AND ABILITY TO SPEAK ENGLISH FOR THE POPULATION 5 YEARS AND OVER,53
B16,B16009,POVERTY STATUS IN THE PAST 12 MONTHS BY AGE BY LANGUAGE SPOKEN AT HOME FOR THE POPULATION 5 YEARS AND OVER,27
B16,B16010,EDUCATIONAL ATTAINMENT AND EMPLOYMENT STATUS BY LANGUAGE SPOKEN AT HOME FOR THE POPULATION 25 YEARS AND OVER,53
B17,B17001,POVERTY STATUS IN THE PAST 12 MONTHS BY SEX BY AGE,59
B17,B17001,POVERTY STATUS IN THE PAST 12 MONTHS BY SEX BY AGE (AMERICAN INDIAN AND ALASKA NATIVE ALONE),59
B17,B17001,POVERTY STATUS IN THE PAST 12 MONTHS BY SEX BY AGE (ASIAN ALONE),59
B17,B17001,POVERTY STATUS IN THE PAST 12 MONTHS BY SEX BY AGE (BLACK OR AFRICAN AMERICAN ALONE),59
B17,B17001,POVERTY STATUS IN THE PAST 12 MONTHS BY SEX BY AGE (HISPANIC OR LATINO),59
B17,B17001,POVERTY STATUS IN THE PAST 12 MONTHS BY SEX BY AGE (NATIVE HAWAIIAN AND OTHER PACIFIC ISLANDER ALONE),59
B17,B17001,POVERTY STATUS IN THE PAST 12 MONTHS BY SEX BY AGE (SOME OTHER RACE ALONE),59
B17,B17001,POVERTY STATUS IN THE PAST 12 MONTHS BY SEX BY AGE (TWO OR MORE RACES),59
B17,B17001,POVERTY STATUS IN THE PAST 12 MONTHS BY SEX BY AGE (WHITE ALONE),59
B17,B17001,"POVERTY STATUS IN THE PAST 12 MONTHS BY SEX BY AGE (WHITE ALONE, NOT HISPANIC OR LATINO)",59
B17,B17002,RATIO OF INCOME TO POVERTY LEVEL IN THE PAST 12 MONTHS,13
B17,B17003,POVERTY STATUS IN THE PAST 12 MONTHS OF INDIVIDUALS BY SEX BY EDUCATIONAL ATTAINMENT,23
B17,B17004,POVERTY STATUS IN THE PAST 12 MONTHS OF INDIVIDUALS BY SEX BY WORK EXPERIENCE,19
B17,B17005,POVERTY STATUS IN THE PAST 12 MONTHS OF INDIVIDUALS BY SEX BY EMPLOYMENT STATUS,23
B17,B17006,POVERTY STATUS IN THE PAST 12 MONTHS OF RELATED CHILDREN UNDER 18 YEARS BY FAMILY TYPE BY AGE OF RELATED CHILDREN UNDER 18 YEARS,29
B17,B17007,POVERTY STATUS IN THE PAST 12 MONTHS OF UNRELATED INDIVIDUALS 15 YEARS AND OVER BY SEX BY AGE,43
B17,B17008,AGGREGATE INCOME DEFICIT (DOLLARS) IN THE PAST 12 MONTHS OF UNRELATED INDIVIDUALS BY SEX,3
B17,B17009,POVERTY STATUS BY WORK EXPERIENCE OF UNRELATED INDIVIDUALS BY HOUSEHOLDER STATUS,21
B17,B17010,POVERTY STATUS IN THE PAST 12 MONTHS OF FAMILIES BY FAMILY TYPE BY PRESENCE OF RELATED CHILDREN UNDER 18 YEARS BY AGE OF RELATED CHILDREN,41
B17,B17010,POVERTY STATUS IN THE PAST 12 MONTHS OF FAMILIES BY FAMILY TYPE BY PRESENCE OF RELATED CHILDREN UNDER 18 YEARS BY AGE OF RELATED CHILDREN (AMERICAN INDIAN AND ALASKA NATIVE ALONE),41
B17,B17010,POVERTY STATUS IN THE PAST 12 MONTHS OF FAMILIES BY FAMILY TYPE BY PRESENCE OF RELATED CHILDREN UNDER 18 YEARS BY AGE OF RELATED CHILDREN (ASIAN ALONE HOUSEHOLDER),41
B17,B17010,POVERTY STATUS IN THE PAST 12 MONTHS OF FAMILIES BY FAMILY TYPE BY PRESENCE OF RELATED CHILDREN UNDER 18 YEARS BY AGE OF RELATED CHILDREN (BLACK OR AFRICAN AMERICAN ALONE HOUSEHOLDER),41
B17,B17010,POVERTY STATUS IN THE PAST 12 MONTHS OF FAMILIES BY FAMILY TYPE BY PRESENCE OF RELATED CHILDREN UNDER 18 YEARS BY AGE OF RELATED CHILDREN (HISPANIC OR LATINO),41
B17,B17010,POVERTY STATUS IN THE PAST 12 MONTHS OF FAMILIES BY FAMILY TYPE BY PRESENCE OF RELATED CHILDREN UNDER 18 YEARS BY AGE OF RELATED CHILDREN (NATIVE HAWAIIAN AND OTHER PACIFIC ISLANDER ALONE HOUSEHOLDER),41
B17,B17010,POVERTY STATUS IN THE PAST 12 MONTHS OF FAMILIES BY FAMILY TYPE BY PRESENCE OF RELATED CHILDREN UNDER 18 YEARS BY AGE OF RELATED CHILDREN (SOME OTHER RACE ALONE HOUSEHOLDER),41
B17,B17010,POVERTY STATUS IN THE PAST 12 MONTHS OF FAMILIES BY FAMILY TYPE BY PRESENCE OF RELATED CHILDREN UNDER 18 YEARS BY AGE OF RELATED CHILDREN (TWO OR MORE RACES HOUSEHOLDER),41
B17,B17010,POVERTY STATUS IN THE PAST 12 MONTHS OF FAMILIES BY FAMILY TYPE BY PRESENCE OF RELATED CHILDREN UNDER 18 YEARS BY AGE OF RELATED CHILDREN (WHITE ALONE HOUSEHOLDER),41
B17,B17010,"POVERTY STATUS IN THE PAST 12 MONTHS OF FAMILIES BY FAMILY TYPE BY PRESENCE OF RELATED CHILDREN UNDER 18 YEARS BY AGE OF RELATED CHILDREN (WHITE ALONE, NOT HISPANIC OR LATINO HOUSEHOLDER)",41
B17,B17011,AGGREGATE INCOME DEFICIT (DOLLARS) IN THE PAST 12 MONTHS FOR FAMILIES BY FAMILY TYPE,5
B17,B17012,POVERTY STATUS IN THE PAST 12 MONTHS OF FAMILIES BY HOUSEHOLD TYPE BY NUMBER OF RELATED CHILDREN UNDER 18 YEARS,35
B17,B17013,POVERTY STATUS IN THE PAST 12 MONTHS OF FAMILIES BY HOUSEHOLD TYPE BY NUMBER OF PERSONS IN FAMILY,35
B17,B17014,POVERTY STATUS IN THE PAST 12 MONTHS OF FAMILIES BY HOUSEHOLD TYPE BY NUMBER OF WORKERS IN FAMILY,35
B17,B17015,POVERTY STATUS IN THE PAST 12 MONTHS OF FAMILIES BY FAMILY TYPE BY SOCIAL SECURITY INCOME BY SUPPLEMENTAL SECURITY INCOME (SSI) AND CASH PUBLIC ASSISTANCE INCOME,47
B17,B17016,POVERTY STATUS IN THE PAST 12 MONTHS OF FAMILIES BY FAMILY TYPE BY WORK EXPERIENCE OF HOUSEHOLDER AND SPOUSE,47
B17,B17017,POVERTY STATUS IN THE PAST 12 MONTHS BY HOUSEHOLD TYPE BY AGE OF HOUSEHOLDER,59
B17,B17018,POVERTY STATUS IN THE PAST 12 MONTHS OF FAMILIES BY HOUSEHOLD TYPE BY EDUCATIONAL ATTAINMENT OF HOUSEHOLDER,35
B17,B17019,POVERTY STATUS IN THE PAST 12 MONTHS OF FAMILIES BY HOUSEHOLD TYPE BY TENURE,23
B17,B17020,POVERTY STATUS IN THE PAST 12 MONTHS BY AGE,17
B17,B17020,POVERTY STATUS IN THE PAST 12 MONTHS BY AGE (AMERICAN INDIAN AND ALASKA NATIVE ALONE),17
B17,B17020,POVERTY STATUS IN THE PAST 12 MONTHS BY AGE (ASIAN ALONE),17
B17,B17020,POVERTY STATUS IN THE PAST 12 MONTHS BY AGE (BLACK OR AFRICAN AMERICAN ALONE),17
B17,B17020,POVERTY STATUS IN THE PAST 12 MONTHS BY AGE (HISPANIC OR LATINO),17
B17,B17020,POVERTY STATUS IN THE PAST 12 MONTHS BY AGE (NATIVE HAWAIIAN AND OTHER PACIFIC ISLANDER ALONE),17
B17,B17020,POVERTY STATUS IN THE PAST 12 MONTHS BY AGE (SOME OTHER RACE ALONE),17
B17,B17020,POVERTY STATUS IN THE PAST 12 MONTHS BY AGE (TWO OR MORE RACES),17
B17,B17020,POVERTY STATUS IN THE PAST 12 MONTHS BY AGE (WHITE ALONE),17
B17,B17020,"POVERTY STATUS IN THE PAST 12 MONTHS BY AGE (WHITE ALONE, NOT HISPANIC OR LATINO)",17
B17,B17021,POVERTY STATUS OF INDIVIDUALS IN THE PAST 12 MONTHS BY LIVING ARRANGEMENT,35
B17,B17022,RATIO OF INCOME TO POVERTY LEVEL IN THE PAST 12 MONTHS OF FAMILIES BY FAMILY TYPE BY PRESENCE OF RELATED CHILDREN UNDER 18 YEARS BY AGE OF RELATED CHILDREN,81
B17,B17023,POVERTY STATUS IN THE PAST 12 MONTHS OF FAMILIES BY HOUSEHOLD TYPE BY NUMBER OF OWN CHILDREN UNDER 18 YEARS,35
B17,B17024,AGE BY RATIO OF INCOME TO POVERTY LEVEL IN THE PAST 12 MONTHS,131
B17,B17025,POVERTY STATUS IN THE PAST 12 MONTHS BY NATIVITY,15
B17,B17026,RATIO OF INCOME TO POVERTY LEVEL OF FAMILIES IN THE PAST 12 MONTHS,13
B18,B18101,AGE BY DISABILITY STATUS (AMERICAN INDIAN AND ALASKA NATIVE ALONE),10
B18,B18101,AGE BY DISABILITY STATUS (ASIAN ALONE),10
B18,B18101,AGE BY DISABILITY STATUS (BLACK OR AFRICAN AMERICAN ALONE),10
B18,B18101,AGE BY DISABILITY STATUS (HISPANIC OR LATINO),10
B18,B18101,AGE BY DISABILITY STATUS (NATIVE HAWAIIAN AND OTHER PACIFIC ISLANDER ALONE),10
B18,B18101,AGE BY DISABILITY STATUS (SOME OTHER RACE ALONE),10
B18,B18101,AGE BY DISABILITY STATUS (TWO OR MORE RACES),10
B18,B18101,AGE BY DISABILITY STATUS (WHITE ALONE),10
B18,B18101,"AGE BY DISABILITY STATUS (WHITE ALONE, NOT HISPANIC OR LATINO)",10
B18,B18101,SEX BY AGE BY DISABILITY STATUS,39
B18,B18102,SEX BY AGE BY HEARING DIFFICULTY,39
B18,B18103,SEX BY AGE BY VISION DIFFICULTY,39
B18,B18104,SEX BY AGE BY COGNITIVE DIFFICULTY,33
B18,B18105,SEX BY AGE BY AMBULATORY DIFFICULTY,33
B18,B18106,SEX BY AGE BY SELF-CARE DIFFICULTY,33
B18,B18107,SEX BY AGE BY INDEPENDENT LIVING DIFFICULTY,27
B18,B18108,AGE BY NUMBER OF DISABILITIES,25
B18,B18120,EMPLOYMENT STATUS BY DISABILITY STATUS AND TYPE,29
B18,B18121,WORK EXPERIENCE BY DISABILITY STATUS AND TYPE,28
B18,B18130,AGE BY DISABILITY STATUS BY POVERTY STATUS,43
B18,B18131,AGE BY RATIO OF INCOME TO POVERTY LEVEL IN THE PAST 12 MONTHS BY DISABILITY STATUS AND TYPE,114
B18,B18135,AGE BY DISABILITY STATUS BY HEALTH INSURANCE COVERAGE STATUS,34
B18,B18140,MEDIAN EARNINGS IN THE PAST 12 MONTHS (IN 2019 INFLATION-ADJUSTED DOLLARS) BY DISABILITY STATUS BY SEX FOR THE CIVILIAN NONINSTITUTIONALIZED POPULATION 16 YEARS AND OVER WITH EARNINGS,7
B19,B19001,HOUSEHOLD INCOME IN THE PAST 12 MONTHS (IN 2019 INFLATION-ADJUSTED DOLLARS),17
B19,B19001,HOUSEHOLD INCOME IN THE PAST 12 MONTHS (IN 2019 INFLATION-ADJUSTED DOLLARS) (AMERICAN INDIAN AND ALASKA NATIVE ALONE HOUSEHOLDER),17
B19,B19001,HOUSEHOLD INCOME IN THE PAST 12 MONTHS (IN 2019 INFLATION-ADJUSTED DOLLARS) (ASIAN ALONE HOUSEHOLDER),17
B19,B19001,HOUSEHOLD INCOME IN THE PAST 12 MONTHS (IN 2019 INFLATION-ADJUSTED DOLLARS) (BLACK OR AFRICAN AMERICAN ALONE HOUSEHOLDER),17
B19,B19001,HOUSEHOLD INCOME IN THE PAST 12 MONTHS (IN 2019 INFLATION-ADJUSTED DOLLARS) (HISPANIC OR LATINO HOUSEHOLDER),17
B19,B19001,HOUSEHOLD INCOME IN THE PAST 12 MONTHS (IN 2019 INFLATION-ADJUSTED DOLLARS) (NATIVE HAWAIIAN AND OTHER PACIFIC ISLANDER ALONE HOUSEHOLDER),17
B19,B19001,HOUSEHOLD INCOME IN THE PAST 12 MONTHS (IN 2019 INFLATION-ADJUSTED DOLLARS) (SOME OTHER RACE ALONE HOUSEHOLDER),17
B19,B19001,HOUSEHOLD INCOME IN THE PAST 12 MONTHS (IN 2019 INFLATION-ADJUSTED DOLLARS) (TWO OR MORE RACES HOUSEHOLDER),17
B19,B19001,HOUSEHOLD INCOME IN THE PAST 12 MONTHS (IN 2019 INFLATION-ADJUSTED DOLLARS) (WHITE ALONE HOUSEHOLDER),17
B19,B19001,"HOUSEHOLD INCOME IN THE PAST 12 MONTHS (IN 2019 INFLATION-ADJUSTED DOLLARS) (WHITE ALONE, NOT HISPANIC OR LATINO HOUSEHOLDER)",17
B19,B19013,MEDIAN HOUSEHOLD INCOME IN THE PAST 12 MONTHS (IN 2019 INFLATION-ADJUSTED DOLLARS),1
B19,B19013,MEDIAN HOUSEHOLD INCOME IN THE PAST 12 MONTHS (IN 2019 INFLATION-ADJUSTED DOLLARS) (AMERICAN INDIAN AND ALASKA NATIVE ALONE HOUSEHOLDER),1
B19,B19013,MEDIAN HOUSEHOLD INCOME IN THE PAST 12 MONTHS (IN 2019 INFLATION-ADJUSTED DOLLARS) (ASIAN ALONE HOUSEHOLDER),1
B19,B19013,MEDIAN HOUSEHOLD INCOME IN THE PAST 12 MONTHS (IN 2019 INFLATION-ADJUSTED DOLLARS) (BLACK OR AFRICAN AMERICAN ALONE HOUSEHOLDER),1
B19,B19013,MEDIAN HOUSEHOLD INCOME IN THE PAST 12 MONTHS (IN 2019 INFLATION-ADJUSTED DOLLARS) (HISPANIC OR LATINO HOUSEHOLDER),1
B19,B19013,MEDIAN HOUSEHOLD INCOME IN THE PAST 12 MONTHS (IN 2019 INFLATION-ADJUSTED DOLLARS) (NATIVE HAWAIIAN AND OTHER PACIFIC ISLANDER ALONE HOUSEHOLDER),1
B19,B19013,MEDIAN HOUSEHOLD INCOME IN THE PAST 12 MONTHS (IN 2019 INFLATION-ADJUSTED DOLLARS) (SOME OTHER RACE ALONE HOUSEHOLDER),1
B19,B19013,MEDIAN HOUSEHOLD INCOME IN THE PAST 12 MONTHS (IN 2019 INFLATION-ADJUSTED DOLLARS) (TWO OR MORE RACES HOUSEHOLDER),1
B19,B19013,MEDIAN HOUSEHOLD INCOME IN THE PAST 12 MONTHS (IN 2019 INFLATION-ADJUSTED DOLLARS) (WHITE ALONE HOUSEHOLDER),1
B19,B19013,"MEDIAN HOUSEHOLD INCOME IN THE PAST 12 MONTHS (IN 2019 INFLATION-ADJUSTED DOLLARS) (WHITE ALONE, NOT HISPANIC OR LATINO HOUSEHOLDER)",1
B19,B19019,MEDIAN HOUSEHOLD INCOME IN THE PAST 12 MONTHS (IN 2019 INFLATION-ADJUSTED DOLLARS) BY HOUSEHOLD SIZE,8
B19,B19025,AGGREGATE HOUSEHOLD INCOME IN THE PAST 12 MONTHS (IN 2019 INFLATION-ADJUSTED DOLLARS),1
B19,B19025,AGGREGATE HOUSEHOLD INCOME IN THE PAST 12 MONTHS (IN 2019 INFLATION-ADJUSTED DOLLARS) (AMERICAN INDIAN AND ALASKA NATIVE ALONE HOUSEHOLDER),1
B19,B19025,AGGREGATE HOUSEHOLD INCOME IN THE PAST 12 MONTHS (IN 2019 INFLATION-ADJUSTED DOLLARS) (ASIAN ALONE HOUSEHOLDER),1
B19,B19025,AGGREGATE HOUSEHOLD INCOME IN THE PAST 12 MONTHS (IN 2019 INFLATION-ADJUSTED DOLLARS) (BLACK OR AFRICAN AMERICAN ALONE HOUSEHOLDER),1
B19,B19025,AGGREGATE HOUSEHOLD INCOME IN THE PAST 12 MONTHS (IN 2019 INFLATION-ADJUSTED DOLLARS) (HISPANIC OR LATINO HOUSEHOLDER),1
B19,B19025,AGGREGATE HOUSEHOLD INCOME IN THE PAST 12 MONTHS (IN 2019 INFLATION-ADJUSTED DOLLARS) (NATIVE HAWAIIAN AND OTHER PACIFIC ISLANDER ALONE HOUSEHOLDER),1
B19,B19025,AGGREGATE HOUSEHOLD INCOME IN THE PAST 12 MONTHS (IN 2019 INFLATION-ADJUSTED DOLLARS) (SOME OTHER RACE ALONE HOUSEHOLDER),1
B19,B19025,AGGREGATE HOUSEHOLD INCOME IN THE PAST 12 MONTHS (IN 2019 INFLATION-ADJUSTED DOLLARS) (TWO OR MORE RACES HOUSEHOLDER),1
B19,B19025,AGGREGATE HOUSEHOLD INCOME IN THE PAST 12 MONTHS (IN 2019 INFLATION-ADJUSTED DOLLARS) (WHITE ALONE HOUSEHOLDER),1
B19,B19025,"AGGREGATE HOUSEHOLD INCOME IN THE PAST 12 MONTHS (IN 2019 INFLATION-ADJUSTED DOLLARS) (WHITE ALONE, NOT HISPANIC OR LATINO HOUSEHOLDER)",1
B19,B19037,AGE OF HOUSEHOLDER BY HOUSEHOLD INCOME IN THE PAST 12 MONTHS (IN 2019 INFLATION-ADJUSTED DOLLARS),69
B19,B19037,AGE OF HOUSEHOLDER BY HOUSEHOLD INCOME IN THE PAST 12 MONTHS (IN 2019 INFLATION-ADJUSTED DOLLARS) (AMERICAN INDIAN AND ALASKA NATIVE ALONE HOUSEHOLDER),69
B19,B19037,AGE OF HOUSEHOLDER BY HOUSEHOLD INCOME IN THE PAST 12 MONTHS (IN 2019 INFLATION-ADJUSTED DOLLARS) (ASIAN ALONE HOUSEHOLDER),69
B19,B19037,AGE OF HOUSEHOLDER BY HOUSEHOLD INCOME IN THE PAST 12 MONTHS (IN 2019 INFLATION-ADJUSTED DOLLARS) (BLACK OR AFRICAN AMERICAN ALONE HOUSEHOLDER),69
B19,B19037,AGE OF HOUSEHOLDER BY HOUSEHOLD INCOME IN THE PAST 12 MONTHS (IN 2019 INFLATION-ADJUSTED DOLLARS) (HISPANIC OR LATINO HOUSEHOLDER),69
B19,B19037,AGE OF HOUSEHOLDER BY HOUSEHOLD INCOME IN THE PAST 12 MONTHS (IN 2019 INFLATION-ADJUSTED DOLLARS) (NATIVE HAWAIIAN AND OTHER PACIFIC ISLANDER ALONE HOUSEHOLDER),69
B19,B19037,AGE OF HOUSEHOLDER BY HOUSEHOLD INCOME IN THE PAST 12 MONTHS (IN 2019 INFLATION-ADJUSTED DOLLARS) (SOME OTHER RACE ALONE HOUSEHOLDER),69
B19,B19037,AGE OF HOUSEHOLDER BY HOUSEHOLD INCOME IN THE PAST 12 MONTHS (IN 2019 INFLATION-ADJUSTED DOLLARS) (TWO OR MORE RACES HOUSEHOLDER),69
B19,B19037,AGE OF HOUSEHOLDER BY HOUSEHOLD INCOME IN THE PAST 12 MONTHS (IN 2019 INFLATION-ADJUSTED DOLLARS) (WHITE ALONE HOUSEHOLDER),69
B19,B19037,"AGE OF HOUSEHOLDER BY HOUSEHOLD INCOME IN THE PAST 12 MONTHS (IN 2019 INFLATION-ADJUSTED DOLLARS) (WHITE ALONE, NOT HISPANIC OR LATINO HOUSEHOLDER)",69
B19,B19049,MEDIAN HOUSEHOLD INCOME IN THE PAST 12 MONTHS (IN 2019 INFLATION-ADJUSTED DOLLARS) BY AGE OF HOUSEHOLDER,5
B19,B19050,AGGREGATE HOUSEHOLD INCOME IN THE PAST 12 MONTHS (IN 2019 INFLATION-ADJUSTED DOLLARS) BY AGE OF HOUSEHOLDER,5
B19,B19051,EARNINGS IN THE PAST 12 MONTHS FOR HOUSEHOLDS,3
B19,B19052,WAGE OR SALARY INCOME IN THE PAST 12 MONTHS FOR HOUSEHOLDS,3
B19,B19053,SELF-EMPLOYMENT INCOME IN THE PAST 12 MONTHS FOR HOUSEHOLDS,3
B19,B19054,"INTEREST, DIVIDENDS, OR NET RENTAL INCOME IN THE PAST 12 MONTHS FOR HOUSEHOLDS",3
B19,B19055,SOCIAL SECURITY INCOME IN THE PAST 12 MONTHS FOR HOUSEHOLDS,3
B19,B19056,SUPPLEMENTAL SECURITY INCOME (SSI) IN THE PAST 12 MONTHS FOR HOUSEHOLDS,3
B19,B19057,PUBLIC ASSISTANCE INCOME IN THE PAST 12 MONTHS FOR HOUSEHOLDS,3
B19,B19058,PUBLIC ASSISTANCE INCOME OR FOOD STAMPS/SNAP IN THE PAST 12 MONTHS FOR HOUSEHOLDS,3
B19,B19059,RETIREMENT INCOME IN THE PAST 12 MONTHS FOR HOUSEHOLDS,3
B19,B19060,OTHER TYPES OF INCOME IN THE PAST 12 MONTHS FOR HOUSEHOLDS,3
B19,B19061,AGGREGATE EARNINGS IN THE PAST 12 MONTHS (IN 2019 INFLATION-ADJUSTED DOLLARS) FOR HOUSEHOLDS,1
B19,B19062,AGGREGATE WAGE OR SALARY INCOME IN THE PAST 12 MONTHS (IN 2019 INFLATION-ADJUSTED DOLLARS) FOR HOUSEHOLDS,1
B19,B19063,AGGREGATE SELF-EMPLOYMENT INCOME IN THE PAST 12 MONTHS (IN 2019 INFLATION-ADJUSTED DOLLARS) FOR HOUSEHOLDS,1
B19,B19064,"AGGREGATE INTEREST, DIVIDENDS, OR NET RENTAL INCOME IN THE PAST 12 MONTHS (IN 2019 INFLATION-ADJUSTED DOLLARS) FOR HOUSEHOLDS",1
B19,B19065,AGGREGATE SOCIAL SECURITY INCOME IN THE PAST 12 MONTHS (IN 2019 INFLATION-ADJUSTED DOLLARS) FOR HOUSEHOLDS,1
B19,B19066,AGGREGATE SUPPLEMENTAL SECURITY INCOME (SSI) IN THE PAST 12 MONTHS (IN 2019 INFLATION-ADJUSTED DOLLARS) FOR HOUSEHOLDS,1
B19,B19067,AGGREGATE PUBLIC ASSISTANCE INCOME IN THE PAST 12 MONTHS (IN 2019 INFLATION-ADJUSTED DOLLARS) FOR HOUSEHOLDS,1
B19,B19069,AGGREGATE RETIREMENT INCOME IN THE PAST 12 MONTHS (IN 2019 INFLATION-ADJUSTED DOLLARS) FOR HOUSEHOLDS,1
B19,B19070,AGGREGATE OTHER TYPES OF INCOME IN THE PAST 12 MONTHS (IN 2019 INFLATION-ADJUSTED DOLLARS) FOR HOUSEHOLDS,1
B19,B19080,HOUSEHOLD INCOME QUINTILE UPPER LIMITS,5
B19,B19081,MEAN HOUSEHOLD INCOME OF QUINTILES,6
B19,B19082,SHARES OF AGGREGATE HOUSEHOLD INCOME BY QUINTILE,6
B19,B19083,GINI INDEX OF INCOME INEQUALITY,1
B19,B19101,FAMILY INCOME IN THE PAST 12 MONTHS (IN 2019 INFLATION-ADJUSTED DOLLARS),17
B19,B19101,FAMILY INCOME IN THE PAST 12 MONTHS (IN 2019 INFLATION-ADJUSTED DOLLARS) (AMERICAN INDIAN AND ALASKA NATIVE ALONE HOUSEHOLDER),17
B19,B19101,FAMILY INCOME IN THE PAST 12 MONTHS (IN 2019 INFLATION-ADJUSTED DOLLARS) (ASIAN ALONE HOUSEHOLDER),17
B19,B19101,FAMILY INCOME IN THE PAST 12 MONTHS (IN 2019 INFLATION-ADJUSTED DOLLARS) (BLACK OR AFRICAN AMERICAN ALONE HOUSEHOLDER),17
B19,B19101,FAMILY INCOME IN THE PAST 12 MONTHS (IN 2019 INFLATION-ADJUSTED DOLLARS) (HISPANIC OR LATINO HOUSEHOLDER),17
B19,B19101,FAMILY INCOME IN THE PAST 12 MONTHS (IN 2019 INFLATION-ADJUSTED DOLLARS) (NATIVE HAWAIIAN AND OTHER PACIFIC ISLANDER ALONE HOUSEHOLDER),17
B19,B19101,FAMILY INCOME IN THE PAST 12 MONTHS (IN 2019 INFLATION-ADJUSTED DOLLARS) (SOME OTHER RACE ALONE HOUSEHOLDER),17
B19,B19101,FAMILY INCOME IN THE PAST 12 MONTHS (IN 2019 INFLATION-ADJUSTED DOLLARS) (TWO OR MORE RACES HOUSEHOLDER),17
B19,B19101,FAMILY INCOME IN THE PAST 12 MONTHS (IN 2019 INFLATION-ADJUSTED DOLLARS) (WHITE ALONE HOUSEHOLDER),17
B19,B19101,"FAMILY INCOME IN THE PAST 12 MONTHS (IN 2019 INFLATION-ADJUSTED DOLLARS) (WHITE ALONE, NOT HISPANIC OR LATINO HOUSEHOLDER)",17
B19,B19113,MEDIAN FAMILY INCOME IN THE PAST 12 MONTHS (IN 2019 INFLATION-ADJUSTED DOLLARS),1
B19,B19113,MEDIAN FAMILY INCOME IN THE PAST 12 MONTHS (IN 2019 INFLATION-ADJUSTED DOLLARS) (AMERICAN INDIAN AND ALASKA NATIVE ALONE HOUSEHOLDER),1
B19,B19113,MEDIAN FAMILY INCOME IN THE PAST 12 MONTHS (IN 2019 INFLATION-ADJUSTED DOLLARS) (ASIAN ALONE HOUSEHOLDER),1
B19,B19113,MEDIAN FAMILY INCOME IN THE PAST 12 MONTHS (IN 2019 INFLATION-ADJUSTED DOLLARS) (BLACK OR AFRICAN AMERICAN ALONE HOUSEHOLDER),1
B19,B19113,MEDIAN FAMILY INCOME IN THE PAST 12 MONTHS (IN 2019 INFLATION-ADJUSTED DOLLARS) (HISPANIC OR LATINO HOUSEHOLDER),1
B19,B19113,MEDIAN FAMILY INCOME IN THE PAST 12 MONTHS (IN 2019 INFLATION-ADJUSTED DOLLARS) (NATIVE HAWAIIAN AND OTHER PACIFIC ISLANDER ALONE HOUSEHOLDER),1
B19,B19113,MEDIAN FAMILY INCOME IN THE PAST 12 MONTHS (IN 2019 INFLATION-ADJUSTED DOLLARS) (SOME OTHER RACE ALONE HOUSEHOLDER),1
B19,B19113,MEDIAN FAMILY INCOME IN THE PAST 12 MONTHS (IN 2019 INFLATION-ADJUSTED DOLLARS) (TWO OR MORE RACES),1
B19,B19113,MEDIAN FAMILY INCOME IN THE PAST 12 MONTHS (IN 2019 INFLATION-ADJUSTED DOLLARS) (WHITE ALONE HOUSEHOLDER),1
B19,B19113,"MEDIAN FAMILY INCOME IN THE PAST 12 MONTHS (IN 2019 INFLATION-ADJUSTED DOLLARS) (WHITE ALONE, NOT HISPANIC OR LATINO HOUSEHOLDER)",1
B19,B19119,MEDIAN FAMILY INCOME IN THE PAST 12 MONTHS (IN 2019 INFLATION-ADJUSTED DOLLARS) BY FAMILY SIZE,7
B19,B19121,MEDIAN FAMILY INCOME IN THE PAST 12 MONTHS (IN 2019 INFLATION-ADJUSTED DOLLARS) BY NUMBER OF EARNERS IN FAMILY,5
B19,B19122,NUMBER OF EARNERS IN FAMILY,5
B19,B19123,FAMILY SIZE BY CASH PUBLIC ASSISTANCE INCOME OR HOUSEHOLDS RECEIVING FOOD STAMPS/SNAP BENEFITS IN THE PAST 12 MONTHS,21
B19,B19125,MEDIAN FAMILY INCOME IN THE PAST 12 MONTHS (IN 2019 INFLATION-ADJUSTED DOLLARS) BY PRESENCE OF OWN CHILDREN UNDER 18 YEARS,3
B19,B19126,MEDIAN FAMILY INCOME IN THE PAST 12 MONTHS (IN 2019 INFLATION-ADJUSTED DOLLARS) BY FAMILY TYPE BY PRESENCE OF OWN CHILDREN UNDER 18 YEARS,11
B19,B19127,AGGREGATE FAMILY INCOME IN THE PAST 12 MONTHS (IN 2019 INFLATION-ADJUSTED DOLLARS),1
B19,B19128,AGGREGATE FAMILY INCOME IN THE PAST 12 MONTHS (IN 2019 INFLATION-ADJUSTED DOLLARS) BY FAMILY TYPE BY PRESENCE OF OWN CHILDREN UNDER 18 YEARS,11
B19,B19129,AGGREGATE FAMILY INCOME IN THE PAST 12 MONTHS (IN 2019 INFLATION-ADJUSTED DOLLARS) BY NUMBER OF WORKERS IN FAMILY,7
B19,B19130,AGGREGATE FAMILY INCOME IN THE PAST 12 MONTHS (IN 2019 INFLATION-ADJUSTED DOLLARS) BY FAMILY TYPE BY AGE OF HOUSEHOLDER,29
B19,B19131,FAMILY TYPE BY PRESENCE OF OWN CHILDREN UNDER 18 YEARS BY FAMILY INCOME IN THE PAST 12 MONTHS (IN 2019 INFLATION-ADJUSTED DOLLARS),107
B19,B19201,NONFAMILY HOUSEHOLD INCOME IN THE PAST 12 MONTHS (IN 2019 INFLATION-ADJUSTED DOLLARS),17
B19,B19202,MEDIAN NONFAMILY HOUSEHOLD INCOME IN THE PAST 12 MONTHS (IN 2019 INFLATION-ADJUSTED DOLLARS),1
B19,B19202,MEDIAN NONFAMILY HOUSEHOLD INCOME IN THE PAST 12 MONTHS (IN 2019 INFLATION-ADJUSTED DOLLARS) (AMERICAN INDIAN AND ALASKA NATIVE ALONE HOUSEHOLDER),1
B19,B19202,MEDIAN NONFAMILY HOUSEHOLD INCOME IN THE PAST 12 MONTHS (IN 2019 INFLATION-ADJUSTED DOLLARS) (ASIAN ALONE HOUSEHOLDER),1
B19,B19202,MEDIAN NONFAMILY HOUSEHOLD INCOME IN THE PAST 12 MONTHS (IN 2019 INFLATION-ADJUSTED DOLLARS) (BLACK OR AFRICAN AMERICAN ALONE HOUSEHOLDER),1
B19,B19202,MEDIAN NONFAMILY HOUSEHOLD INCOME IN THE PAST 12 MONTHS (IN 2019 INFLATION-ADJUSTED DOLLARS) (HISPANIC OR LATINO HOUSEHOLDER),1
B19,B19202,MEDIAN NONFAMILY HOUSEHOLD INCOME IN THE PAST 12 MONTHS (IN 2019 INFLATION-ADJUSTED DOLLARS) (NATIVE HAWAIIAN AND OTHER PACIFIC ISLANDER ALONE HOUSEHOLDER),1
B19,B19202,MEDIAN NONFAMILY HOUSEHOLD INCOME IN THE PAST 12 MONTHS (IN 2019 INFLATION-ADJUSTED DOLLARS) (SOME OTHER RACE ALONE HOUSEHOLDER),1
B19,B19202,MEDIAN NONFAMILY HOUSEHOLD INCOME IN THE PAST 12 MONTHS (IN 2019 INFLATION-ADJUSTED DOLLARS) (TWO OR MORE RACES HOUSEHOLDER),1
B19,B19202,MEDIAN NONFAMILY HOUSEHOLD INCOME IN THE PAST 12 MONTHS (IN 2019 INFLATION-ADJUSTED DOLLARS) (WHITE ALONE HOUSEHOLDER),1
B19,B19202,"MEDIAN NONFAMILY HOUSEHOLD INCOME IN THE PAST 12 MONTHS (IN 2019 INFLATION-ADJUSTED DOLLARS) (WHITE ALONE, NOT HISPANIC OR LATINO HOUSEHOLDER)",1
B19,B19214,AGGREGATE NONFAMILY HOUSEHOLD INCOME IN THE PAST 12 MONTHS (IN 2019 INFLATION-ADJUSTED DOLLARS),1
B19,B19215,MEDIAN NONFAMILY HOUSEHOLD INCOME IN THE PAST 12 MONTHS (IN 2019 INFLATION-ADJUSTED DOLLARS) BY SEX OF HOUSEHOLDER BY LIVING ALONE BY AGE OF HOUSEHOLDER,15
B19,B19216,AGGREGATE NONFAMILY HOUSEHOLD INCOME IN THE PAST 12 MONTHS (IN 2019 INFLATION-ADJUSTED DOLLARS) BY SEX OF HOUSEHOLDER BY LIVING ALONE BY AGE OF HOUSEHOLDER,15
B19,B19301,PER CAPITA INCOME IN THE PAST 12 MONTHS (IN 2019 INFLATION-ADJUSTED DOLLARS),1
B19,B19301,PER CAPITA INCOME IN THE PAST 12 MONTHS (IN 2019 INFLATION-ADJUSTED DOLLARS) (AMERICAN INDIAN AND ALASKA NATIVE ALONE),1
B19,B19301,PER CAPITA INCOME IN THE PAST 12 MONTHS (IN 2019 INFLATION-ADJUSTED DOLLARS) (ASIAN ALONE),1
B19,B19301,PER CAPITA INCOME IN THE PAST 12 MONTHS (IN 2019 INFLATION-ADJUSTED DOLLARS) (BLACK OR AFRICAN AMERICAN ALONE),1
B19,B19301,PER CAPITA INCOME IN THE PAST 12 MONTHS (IN 2019 INFLATION-ADJUSTED DOLLARS) (HISPANIC OR LATINO),1
B19,B19301,PER CAPITA INCOME IN THE PAST 12 MONTHS (IN 2019 INFLATION-ADJUSTED DOLLARS) (NATIVE HAWAIIAN AND OTHER PACIFIC ISLANDER ALONE),1
B19,B19301,PER CAPITA INCOME IN THE PAST 12 MONTHS (IN 2019 INFLATION-ADJUSTED DOLLARS) (SOME OTHER RACE ALONE),1
B19,B19301,PER CAPITA INCOME IN THE PAST 12 MONTHS (IN 2019 INFLATION-ADJUSTED DOLLARS) (TWO OR MORE RACES),1
B19,B19301,PER CAPITA INCOME IN THE PAST 12 MONTHS (IN 2019 INFLATION-ADJUSTED DOLLARS) (WHITE ALONE),1
B19,B19301,"PER CAPITA INCOME IN THE PAST 12 MONTHS (IN 2019 INFLATION-ADJUSTED DOLLARS) (WHITE ALONE, NOT HISPANIC OR LATINO)",1
B19,B19313,AGGREGATE INCOME IN THE PAST 12 MONTHS (IN 2019 INFLATION-ADJUSTED DOLLARS),1
B19,B19313,AGGREGATE INCOME IN THE PAST 12 MONTHS (IN 2019 INFLATION-ADJUSTED DOLLARS) FOR THE POPULATION 15 YEARS AND OVER (AMERICAN INDIAN AND ALASKA NATIVE ALONE),1
B19,B19313,AGGREGATE INCOME IN THE PAST 12 MONTHS (IN 2019 INFLATION-ADJUSTED DOLLARS) FOR THE POPULATION 15 YEARS AND OVER (ASIAN ALONE),1
B19,B19313,AGGREGATE INCOME IN THE PAST 12 MONTHS (IN 2019 INFLATION-ADJUSTED DOLLARS) FOR THE POPULATION 15 YEARS AND OVER (BLACK OR AFRICAN AMERICAN ALONE),1
B19,B19313,AGGREGATE INCOME IN THE PAST 12 MONTHS (IN 2019 INFLATION-ADJUSTED DOLLARS) FOR THE POPULATION 15 YEARS AND OVER (HISPANIC OR LATINO),1
B19,B19313,AGGREGATE INCOME IN THE PAST 12 MONTHS (IN 2019 INFLATION-ADJUSTED DOLLARS) FOR THE POPULATION 15 YEARS AND OVER (NATIVE HAWAIIAN AND OTHER PACIFIC ISLANDER ALONE),1
B19,B19313,AGGREGATE INCOME IN THE PAST 12 MONTHS (IN 2019 INFLATION-ADJUSTED DOLLARS) FOR THE POPULATION 15 YEARS AND OVER (SOME OTHER RACE ALONE),1
B19,B19313,AGGREGATE INCOME IN THE PAST 12 MONTHS (IN 2019 INFLATION-ADJUSTED DOLLARS) FOR THE POPULATION 15 YEARS AND OVER (TWO OR MORE RACES),1
B19,B19313,AGGREGATE INCOME IN THE PAST 12 MONTHS (IN 2019 INFLATION-ADJUSTED DOLLARS) FOR THE POPULATION 15 YEARS AND OVER (WHITE ALONE),1
B19,B19313,"AGGREGATE INCOME IN THE PAST 12 MONTHS (IN 2019 INFLATION-ADJUSTED DOLLARS) FOR THE POPULATION 15 YEARS AND OVER (WHITE ALONE, NOT HISPANIC OR LATINO)",1
B19,B19325,SEX BY WORK EXPERIENCE IN THE PAST 12 MONTHS BY INCOME IN THE PAST 12 MONTHS (IN 2019 INFLATION-ADJUSTED DOLLARS) FOR THE POPULATION 15 YEARS AND OVER,95
B19,B19326,MEDIAN INCOME IN THE PAST 12 MONTHS (IN 2019 INFLATION-ADJUSTED DOLLARS) BY SEX BY WORK EXPERIENCE IN THE PAST 12 MONTHS FOR THE POPULATION 15 YEARS AND OVER WITH INCOME,7
B20,B20001,SEX BY EARNINGS IN THE PAST 12 MONTHS (IN 2019 INFLATION-ADJUSTED DOLLARS) FOR THE POPULATION 16 YEARS AND OVER WITH EARNINGS IN THE PAST 12 MONTHS,43
B20,B20002,MEDIAN EARNINGS IN THE PAST 12 MONTHS (IN 2019 INFLATION-ADJUSTED DOLLARS) BY SEX FOR THE POPULATION 16 YEARS AND OVER WITH EARNINGS IN THE PAST 12 MONTHS,3
B20,B20003,AGGREGATE EARNINGS IN THE PAST 12 MONTHS (IN 2019 INFLATION-ADJUSTED DOLLARS) BY SEX BY WORK EXPERIENCE FOR THE POPULATION 16 YEARS AND OVER WITH EARNINGS,7
B20,B20004,MEDIAN EARNINGS IN THE PAST 12 MONTHS (IN 2019 INFLATION-ADJUSTED DOLLARS) BY SEX BY EDUCATIONAL ATTAINMENT FOR THE POPULATION 25 YEARS AND OVER,18
B20,B20005,SEX BY WORK EXPERIENCE IN THE PAST 12 MONTHS BY EARNINGS IN THE PAST 12 MONTHS (IN 2019 INFLATION-ADJUSTED DOLLARS) FOR THE POPULATION 16 YEARS AND OVER,95
B20,B20005,SEX BY WORK EXPERIENCE IN THE PAST 12 MONTHS BY EARNINGS IN THE PAST 12 MONTHS (IN 2019 INFLATION-ADJUSTED DOLLARS) FOR THE POPULATION 16 YEARS AND OVER (AMERICAN INDIAN AND ALASKA NATIVE ALONE),95
B20,B20005,SEX BY WORK EXPERIENCE IN THE PAST 12 MONTHS BY EARNINGS IN THE PAST 12 MONTHS (IN 2019 INFLATION-ADJUSTED DOLLARS) FOR THE POPULATION 16 YEARS AND OVER (ASIAN ALONE),95
B20,B20005,SEX BY WORK EXPERIENCE IN THE PAST 12 MONTHS BY EARNINGS IN THE PAST 12 MONTHS (IN 2019 INFLATION-ADJUSTED DOLLARS) FOR THE POPULATION 16 YEARS AND OVER (BLACK OR AFRICAN AMERICAN ALONE),95
B20,B20005,SEX BY WORK EXPERIENCE IN THE PAST 12 MONTHS BY EARNINGS IN THE PAST 12 MONTHS (IN 2019 INFLATION-ADJUSTED DOLLARS) FOR THE POPULATION 16 YEARS AND OVER (HISPANIC OR LATINO),95
B20,B20005,SEX BY WORK EXPERIENCE IN THE PAST 12 MONTHS BY EARNINGS IN THE PAST 12 MONTHS (IN 2019 INFLATION-ADJUSTED DOLLARS) FOR THE POPULATION 16 YEARS AND OVER (NATIVE HAWAIIAN AND OTHER PACIFIC ISLANDER ALONE),95
B20,B20005,SEX BY WORK EXPERIENCE IN THE PAST 12 MONTHS BY EARNINGS IN THE PAST 12 MONTHS (IN 2019 INFLATION-ADJUSTED DOLLARS) FOR THE POPULATION 16 YEARS AND OVER (SOME OTHER RACE ALONE),95
B20,B20005,SEX BY WORK EXPERIENCE IN THE PAST 12 MONTHS BY EARNINGS IN THE PAST 12 MONTHS (IN 2019 INFLATION-ADJUSTED DOLLARS) FOR THE POPULATION 16 YEARS AND OVER (TWO OR MORE RACES),95
B20,B20005,SEX BY WORK EXPERIENCE IN THE PAST 12 MONTHS BY EARNINGS IN THE PAST 12 MONTHS (IN 2019 INFLATION-ADJUSTED DOLLARS) FOR THE POPULATION 16 YEARS AND OVER (WHITE ALONE),95
B20,B20005,"SEX BY WORK EXPERIENCE IN THE PAST 12 MONTHS BY EARNINGS IN THE PAST 12 MONTHS (IN 2019 INFLATION-ADJUSTED DOLLARS) FOR THE POPULATION 16 YEARS AND OVER (WHITE ALONE, NOT HISPANIC OR LATINO)",95
B20,B20017,MEDIAN EARNINGS IN THE PAST 12 MONTHS (IN 2019 INFLATION-ADJUSTED DOLLARS) BY SEX BY WORK EXPERIENCE IN THE PAST 12 MONTHS FOR THE POPULATION 16 YEARS AND OVER WITH EARNINGS (HISPANIC OR LATINO),7
B20,B20017,MEDIAN EARNINGS IN THE PAST 12 MONTHS (IN 2019 INFLATION-ADJUSTED DOLLARS) BY SEX BY WORK EXPERIENCE IN THE PAST 12 MONTHS FOR THE POPULATION 16 YEARS AND OVER WITH EARNINGS IN THE PAST 12 MONTHS,7
B20,B20017,MEDIAN EARNINGS IN THE PAST 12 MONTHS (IN 2019 INFLATION-ADJUSTED DOLLARS) BY SEX BY WORK EXPERIENCE IN THE PAST 12 MONTHS FOR THE POPULATION 16 YEARS AND OVER WITH EARNINGS IN THE PAST 12 MONTHS (AMERICAN INDIAN AND ALASKA NATIVE ALONE),7
B20,B20017,MEDIAN EARNINGS IN THE PAST 12 MONTHS (IN 2019 INFLATION-ADJUSTED DOLLARS) BY SEX BY WORK EXPERIENCE IN THE PAST 12 MONTHS FOR THE POPULATION 16 YEARS AND OVER WITH EARNINGS IN THE PAST 12 MONTHS (ASIAN ALONE),7
B20,B20017,MEDIAN EARNINGS IN THE PAST 12 MONTHS (IN 2019 INFLATION-ADJUSTED DOLLARS) BY SEX BY WORK EXPERIENCE IN THE PAST 12 MONTHS FOR THE POPULATION 16 YEARS AND OVER WITH EARNINGS IN THE PAST 12 MONTHS (BLACK OR AFRICAN AMERICAN ALONE),7
B20,B20017,MEDIAN EARNINGS IN THE PAST 12 MONTHS (IN 2019 INFLATION-ADJUSTED DOLLARS) BY SEX BY WORK EXPERIENCE IN THE PAST 12 MONTHS FOR THE POPULATION 16 YEARS AND OVER WITH EARNINGS IN THE PAST 12 MONTHS (NATIVE HAWAIIAN AND OTHER PACIFIC ISLANDER ALONE),7
B20,B20017,MEDIAN EARNINGS IN THE PAST 12 MONTHS (IN 2019 INFLATION-ADJUSTED DOLLARS) BY SEX BY WORK EXPERIENCE IN THE PAST 12 MONTHS FOR THE POPULATION 16 YEARS AND OVER WITH EARNINGS IN THE PAST 12 MONTHS (SOME OTHER RACE ALONE),7
B20,B20017,MEDIAN EARNINGS IN THE PAST 12 MONTHS (IN 2019 INFLATION-ADJUSTED DOLLARS) BY SEX BY WORK EXPERIENCE IN THE PAST 12 MONTHS FOR THE POPULATION 16 YEARS AND OVER WITH EARNINGS IN THE PAST 12 MONTHS (TWO OR MORE RACES),7
B20,B20017,MEDIAN EARNINGS IN THE PAST 12 MONTHS (IN 2019 INFLATION-ADJUSTED DOLLARS) BY SEX BY WORK EXPERIENCE IN THE PAST 12 MONTHS FOR THE POPULATION 16 YEARS AND OVER WITH EARNINGS IN THE PAST 12 MONTHS (WHITE ALONE),7
B20,B20017,"MEDIAN EARNINGS IN THE PAST 12 MONTHS (IN 2019 INFLATION-ADJUSTED DOLLARS) BY SEX BY WORK EXPERIENCE IN THE PAST 12 MONTHS FOR THE POPULATION 16 YEARS AND OVER WITH EARNINGS IN THE PAST 12 MONTHS (WHITE ALONE, NOT HISPANIC OR LATINO)",7
B20,B20018,"MEDIAN EARNINGS IN THE PAST 12 MONTHS (IN 2019 INFLATION-ADJUSTED DOLLARS) FOR THE POPULATION 16 YEARS AND OVER WHO WORKED FULL-TIME, YEAR-ROUND WITH EARNINGS IN THE PAST 12 MONTHS",1
B21,B21001,SEX BY AGE BY VETERAN STATUS FOR THE CIVILIAN POPULATION 18 YEARS AND OVER,39
B21,B21001,SEX BY AGE BY VETERAN STATUS FOR THE CIVILIAN POPULATION 18 YEARS AND OVER (AMERICAN INDIAN AND ALASKA NATIVE ALONE),33
B21,B21001,SEX BY AGE BY VETERAN STATUS FOR THE CIVILIAN POPULATION 18 YEARS AND OVER (ASIAN ALONE),33
B21,B21001,SEX BY AGE BY VETERAN STATUS FOR THE CIVILIAN POPULATION 18 YEARS AND OVER (BLACK OR AFRICAN AMERICAN ALONE),33
B21,B21001,SEX BY AGE BY VETERAN STATUS FOR THE CIVILIAN POPULATION 18 YEARS AND OVER (HISPANIC OR LATINO),33
B21,B21001,SEX BY AGE BY VETERAN STATUS FOR THE CIVILIAN POPULATION 18 YEARS AND OVER (NATIVE HAWAIIAN AND OTHER PACIFIC ISLANDER ALONE),33
B21,B21001,SEX BY AGE BY VETERAN STATUS FOR THE CIVILIAN POPULATION 18 YEARS AND OVER (SOME OTHER RACE ALONE),33
B21,B21001,SEX BY AGE BY VETERAN STATUS FOR THE CIVILIAN POPULATION 18 YEARS AND OVER (TWO OR MORE RACES),33
B21,B21001,SEX BY AGE BY VETERAN STATUS FOR THE CIVILIAN POPULATION 18 YEARS AND OVER (WHITE ALONE),33
B21,B21001,"SEX BY AGE BY VETERAN STATUS FOR THE CIVILIAN POPULATION 18 YEARS AND OVER (WHITE ALONE, NOT HISPANIC OR LATINO)",33
B21,B21002,PERIOD OF MILITARY SERVICE FOR CIVILIAN VETERANS 18 YEARS AND OVER,16
B21,B21003,VETERAN STATUS BY EDUCATIONAL ATTAINMENT FOR THE CIVILIAN POPULATION 25 YEARS AND OVER,11
B21,B21004,MEDIAN INCOME IN THE PAST 12 MONTHS (IN 2019 INFLATION-ADJUSTED DOLLARS) BY VETERAN STATUS BY SEX FOR THE CIVILIAN POPULATION 18 YEARS AND OVER WITH INCOME,7
B21,B21005,AGE BY VETERAN STATUS BY EMPLOYMENT STATUS FOR THE CIVILIAN POPULATION 18 TO 64 YEARS,34
B21,B21007,AGE BY VETERAN STATUS BY POVERTY STATUS IN THE PAST 12 MONTHS BY DISABILITY STATUS FOR THE CIVILIAN POPULATION 18 YEARS AND OVER,61
B21,B21100,SERVICE-CONNECTED DISABILITY-RATING STATUS AND RATINGS FOR CIVILIAN VETERANS 18 YEARS AND OVER,9
B22,B22001,RECEIPT OF FOOD STAMPS/SNAP IN THE PAST 12 MONTHS BY PRESENCE OF PEOPLE 60 YEARS AND OVER FOR HOUSEHOLDS,7
B22,B22002,RECEIPT OF FOOD STAMPS/SNAP IN THE PAST 12 MONTHS BY PRESENCE OF CHILDREN UNDER 18 YEARS BY HOUSEHOLD TYPE FOR HOUSEHOLDS,27
B22,B22003,RECEIPT OF FOOD STAMPS/SNAP IN THE PAST 12 MONTHS BY POVERTY STATUS IN THE PAST 12 MONTHS FOR HOUSEHOLDS,7
B22,B22005,RECEIPT OF FOOD STAMPS/SNAP IN THE PAST 12 MONTHS BY RACE OF HOUSEHOLDER (AMERICAN INDIAN AND ALASKA NATIVE ALONE),3
B22,B22005,RECEIPT OF FOOD STAMPS/SNAP IN THE PAST 12 MONTHS BY RACE OF HOUSEHOLDER (ASIAN ALONE),3
B22,B22005,RECEIPT OF FOOD STAMPS/SNAP IN THE PAST 12 MONTHS BY RACE OF HOUSEHOLDER (BLACK OR AFRICAN AMERICAN ALONE),3
B22,B22005,RECEIPT OF FOOD STAMPS/SNAP IN THE PAST 12 MONTHS BY RACE OF HOUSEHOLDER (HISPANIC OR LATINO),3
B22,B22005,RECEIPT OF FOOD STAMPS/SNAP IN THE PAST 12 MONTHS BY RACE OF HOUSEHOLDER (NATIVE HAWAIIAN AND OTHER PACIFIC ISLANDER ALONE),3
B22,B22005,RECEIPT OF FOOD STAMPS/SNAP IN THE PAST 12 MONTHS BY RACE OF HOUSEHOLDER (SOME OTHER RACE ALONE),3
B22,B22005,RECEIPT OF FOOD STAMPS/SNAP IN THE PAST 12 MONTHS BY RACE OF HOUSEHOLDER (TWO OR MORE RACES),3
B22,B22005,RECEIPT OF FOOD STAMPS/SNAP IN THE PAST 12 MONTHS BY RACE OF HOUSEHOLDER (WHITE ALONE),3
B22,B22005,"RECEIPT OF FOOD STAMPS/SNAP IN THE PAST 12 MONTHS BY RACE OF HOUSEHOLDER (WHITE ALONE, NOT HISPANIC OR LATINO)",3
B22,B22007,RECEIPT OF FOOD STAMPS/SNAP IN THE PAST 12 MONTHS BY FAMILY TYPE BY NUMBER OF WORKERS IN FAMILY IN THE PAST 12 MONTHS,43
B22,B22008,MEDIAN HOUSEHOLD INCOME IN THE PAST 12 MONTHS (IN 2019 INFLATION-ADJUSTED DOLLARS) BY RECEIPT OF FOOD STAMPS/SNAP IN THE PAST 12 MONTHS,3
B22,B22010,RECEIPT OF FOOD STAMPS/SNAP IN THE PAST 12 MONTHS BY DISABILITY STATUS FOR HOUSEHOLDS,7
B23,B23001,SEX BY AGE BY EMPLOYMENT STATUS FOR THE POPULATION 16 YEARS AND OVER,173
B23,B23002,SEX BY AGE BY EMPLOYMENT STATUS FOR THE POPULATION 16 YEARS AND OVER (AMERICAN INDIAN AND ALASKA NATIVE ALONE),79
B23,B23002,SEX BY AGE BY EMPLOYMENT STATUS FOR THE POPULATION 16 YEARS AND OVER (ASIAN ALONE),79
B23,B23002,SEX BY AGE BY EMPLOYMENT STATUS FOR THE POPULATION 16 YEARS AND OVER (BLACK OR AFRICAN AMERICAN ALONE),79
B23,B23002,SEX BY AGE BY EMPLOYMENT STATUS FOR THE POPULATION 16 YEARS AND OVER (HISPANIC OR LATINO),79
B23,B23002,SEX BY AGE BY EMPLOYMENT STATUS FOR THE POPULATION 16 YEARS AND OVER (NATIVE HAWAIIAN AND OTHER PACIFIC ISLANDER ALONE),79
B23,B23002,SEX BY AGE BY EMPLOYMENT STATUS FOR THE POPULATION 16 YEARS AND OVER (SOME OTHER RACE ALONE),79
B23,B23002,SEX BY AGE BY EMPLOYMENT STATUS FOR THE POPULATION 16 YEARS AND OVER (TWO OR MORE RACES),79
B23,B23002,SEX BY AGE BY EMPLOYMENT STATUS FOR THE POPULATION 16 YEARS AND OVER (WHITE ALONE),79
B23,B23002,"SEX BY AGE BY EMPLOYMENT STATUS FOR THE POPULATION 16 YEARS AND OVER (WHITE ALONE, NOT HISPANIC OR LATINO)",79
B23,B23003,PRESENCE OF OWN CHILDREN UNDER 18 YEARS BY AGE OF OWN CHILDREN UNDER 18 YEARS BY EMPLOYMENT STATUS FOR FEMALES 20 TO 64 YEARS,30
B23,B23006,EDUCATIONAL ATTAINMENT BY EMPLOYMENT STATUS FOR THE POPULATION 25 TO 64 YEARS,29
B23,B23007,PRESENCE OF OWN CHILDREN UNDER 18 YEARS BY FAMILY TYPE BY EMPLOYMENT STATUS,59
B23,B23008,AGE OF OWN CHILDREN UNDER 18 YEARS IN FAMILIES AND SUBFAMILIES BY LIVING ARRANGEMENTS BY EMPLOYMENT STATUS OF PARENTS,27
B23,B23009,PRESENCE OF OWN CHILDREN UNDER 18 YEARS BY FAMILY TYPE BY NUMBER OF WORKERS IN FAMILY IN THE PAST 12 MONTHS,43
B23,B23010,PRESENCE OF OWN CHILDREN UNDER 18 YEARS IN MARRIED-COUPLE FAMILIES BY WORK EXPERIENCE OF HOUSEHOLDER AND SPOUSE,27
B23,B23013,MEDIAN AGE BY SEX FOR WORKERS 16 TO 64 YEARS,3
B23,B23018,AGGREGATE USUAL HOURS WORKED IN THE PAST 12 MONTHS BY SEX FOR WORKERS 16 TO 64 YEARS,3
B23,B23020,MEAN USUAL HOURS WORKED IN THE PAST 12 MONTHS FOR WORKERS 16 TO 64 YEARS,3
B23,B23022,SEX BY WORK STATUS IN THE PAST 12 MONTHS BY USUAL HOURS WORKED PER WEEK IN THE PAST 12 MONTHS BY WEEKS WORKED IN THE PAST 12 MONTHS FOR THE POPULATION 16 TO 64 YEARS,49
B23,B23024,POVERTY STATUS IN THE PAST 12 MONTHS BY DISABILITY STATUS BY EMPLOYMENT STATUS FOR THE POPULATION 20 TO 64 YEARS,31
B23,B23025,EMPLOYMENT STATUS FOR THE POPULATION 16 YEARS AND OVER,7
B23,B23026,SEX BY WORK STATUS IN THE PAST 12 MONTHS BY USUAL HOURS WORKED PER WEEK IN THE PAST 12 MONTHS BY WEEKS WORKED IN THE PAST 12 MONTHS FOR THE POPULATION 65 YEARS AND OVER,49
B23,B23027,"FULL-TIME, YEAR-ROUND WORK STATUS IN THE PAST 12 MONTHS BY AGE FOR THE POPULATION 16 YEARS AND OVER",36
B24,B24010,SEX BY OCCUPATION FOR THE CIVILIAN EMPLOYED POPULATION 16 YEARS AND OVER,303
B24,B24010,SEX BY OCCUPATION FOR THE CIVILIAN EMPLOYED POPULATION 16 YEARS AND OVER (AMERICAN INDIAN AND ALASKA NATIVE ALONE),73
B24,B24010,SEX BY OCCUPATION FOR THE CIVILIAN EMPLOYED POPULATION 16 YEARS AND OVER (ASIAN ALONE),73
B24,B24010,SEX BY OCCUPATION FOR THE CIVILIAN EMPLOYED POPULATION 16 YEARS AND OVER (BLACK OR AFRICAN AMERICAN ALONE),73
B24,B24010,SEX BY OCCUPATION FOR THE CIVILIAN EMPLOYED POPULATION 16 YEARS AND OVER (HISPANIC OR LATINO),73
B24,B24010,SEX BY OCCUPATION FOR THE CIVILIAN EMPLOYED POPULATION 16 YEARS AND OVER (NATIVE HAWAIIAN AND OTHER PACIFIC ISLANDER ALONE),73
B24,B24010,SEX BY OCCUPATION FOR THE CIVILIAN EMPLOYED POPULATION 16 YEARS AND OVER (SOME OTHER RACE ALONE),73
B24,B24010,SEX BY OCCUPATION FOR THE CIVILIAN EMPLOYED POPULATION 16 YEARS AND OVER (TWO OR MORE RACES),73
B24,B24010,SEX BY OCCUPATION FOR THE CIVILIAN EMPLOYED POPULATION 16 YEARS AND OVER (WHITE ALONE),73
B24,B24010,"SEX BY OCCUPATION FOR THE CIVILIAN EMPLOYED POPULATION 16 YEARS AND OVER (WHITE ALONE, NOT HISPANIC OR LATINO)",73
B24,B24011,OCCUPATION BY MEDIAN EARNINGS IN THE PAST 12 MONTHS (IN 2019 INFLATION-ADJUSTED DOLLARS) FOR THE CIVILIAN EMPLOYED POPULATION 16 YEARS AND OVER,36
B24,B24012,SEX BY OCCUPATION AND MEDIAN EARNINGS IN THE PAST 12 MONTHS (IN 2019 INFLATION-ADJUSTED DOLLARS) FOR THE CIVILIAN EMPLOYED POPULATION 16 YEARS AND OVER,73
B24,B24020,"SEX BY OCCUPATION FOR THE FULL-TIME, YEAR-ROUND CIVILIAN EMPLOYED POPULATION 16 YEARS AND OVER",303
B24,B24021,"OCCUPATION BY MEDIAN EARNINGS IN THE PAST 12 MONTHS (IN 2019 INFLATION-ADJUSTED DOLLARS) FOR THE FULL-TIME, YEAR-ROUND CIVILIAN EMPLOYED POPULATION 16 YEARS AND OVER",36
B24,B24022,"SEX BY OCCUPATION AND MEDIAN EARNINGS IN THE PAST 12 MONTHS (IN 2019 INFLATION-ADJUSTED DOLLARS) FOR THE FULL-TIME, YEAR-ROUND CIVILIAN EMPLOYED POPULATION 16 YEARS AND OVER",73
B24,B24030,SEX BY INDUSTRY FOR THE CIVILIAN EMPLOYED POPULATION 16 YEARS AND OVER,209
B24,B24031,INDUSTRY BY MEDIAN EARNINGS IN THE PAST 12 MONTHS (IN 2019 INFLATION-ADJUSTED DOLLARS) FOR THE CIVILIAN EMPLOYED POPULATION 16 YEARS AND OVER,27
B24,B24032,SEX BY INDUSTRY AND MEDIAN EARNINGS IN THE PAST 12 MONTHS (IN 2019 INFLATION-ADJUSTED DOLLARS) FOR THE CIVILIAN EMPLOYED POPULATION 16 YEARS AND OVER,54
B24,B24040,"SEX BY INDUSTRY FOR THE FULL-TIME, YEAR-ROUND CIVILIAN EMPLOYED POPULATION 16 YEARS AND OVER",209
B24,B24041,"INDUSTRY BY MEDIAN EARNINGS IN THE PAST 12 MONTHS (IN 2019 INFLATION-ADJUSTED DOLLARS) FOR THE FULL-TIME, YEAR-ROUND CIVILIAN EMPLOYED POPULATION 16 YEARS AND OVER",27
B24,B24042,"SEX BY INDUSTRY AND MEDIAN EARNINGS IN THE PAST 12 MONTHS (IN 2019 INFLATION-ADJUSTED DOLLARS) FOR THE FULL-TIME, YEAR-ROUND CIVILIAN EMPLOYED POPULATION 16 YEARS AND OVER",54
B24,B24050,INDUSTRY BY OCCUPATION FOR THE CIVILIAN EMPLOYED POPULATION 16 YEARS AND OVER,162
B24,B24060,OCCUPATION BY CLASS OF WORKER FOR THE CIVILIAN EMPLOYED POPULATION 16 YEARS AND OVER,216
B24,B24070,INDUSTRY BY CLASS OF WORKER FOR THE CIVILIAN EMPLOYED POPULATION 16 YEARS AND OVER,162
B24,B24080,SEX BY CLASS OF WORKER FOR THE CIVILIAN EMPLOYED POPULATION 16 YEARS AND OVER,21
B24,B24081,CLASS OF WORKER  BY MEDIAN EARNINGS IN THE PAST 12 MONTHS (IN 2019 INFLATION-ADJUSTED DOLLARS) FOR THE CIVILIAN EMPLOYED POPULATION 16 YEARS AND OVER,9
B24,B24082,SEX BY CLASS OF WORKER AND MEDIAN EARNINGS IN THE PAST 12 MONTHS (IN 2019 INFLATION-ADJUSTED DOLLARS) FOR THE  CIVILIAN EMPLOYED POPULATION 16 YEARS AND OVER,18
B24,B24090,"SEX BY CLASS OF WORKER FOR THE FULL-TIME, YEAR-ROUND CIVILIAN EMPLOYED POPULATION 16 YEARS AND OVER",21
B24,B24091,"CLASS OF WORKER BY MEDIAN EARNINGS IN THE PAST 12 MONTHS (IN 2019 INFLATION-ADJUSTED DOLLARS) FOR THE FULL-TIME, YEAR-ROUND CIVILIAN EMPLOYED POPULATION 16 YEARS AND OVER",9
B24,B24092,"SEX BY CLASS OF WORKER AND MEDIAN EARNINGS IN THE PAST 12 MONTHS (IN 2019 INFLATION-ADJUSTED DOLLARS) FOR THE FULL-TIME, YEAR-ROUND CIVILIAN EMPLOYED POPULATION 16 YEARS AND OVER",18
B24,B24114,DETAILED OCCUPATION FOR THE CIVILIAN EMPLOYED POPULATION 16 YEARS AND OVER,566
B24,B24115,DETAILED OCCUPATION FOR THE CIVILIAN EMPLOYED MALE POPULATION 16 YEARS AND OVER,566
B24,B24116,DETAILED OCCUPATION FOR THE CIVILIAN EMPLOYED FEMALE POPULATION 16 YEARS AND OVER,566
B24,B24121,"DETAILED OCCUPATION BY MEDIAN EARNINGS IN THE PAST 12 MONTHS (IN 2019 INFLATION-ADJUSTED DOLLARS) FOR THE FULL-TIME, YEAR-ROUND CIVILIAN EMPLOYED POPULATION 16 YEARS AND OVER",566
B24,B24122,"DETAILED OCCUPATION BY MEDIAN EARNINGS IN THE PAST 12 MONTHS (IN 2019 INFLATION-ADJUSTED DOLLARS) FOR THE FULL-TIME, YEAR-ROUND CIVILIAN EMPLOYED MALE POPULATION 16 YEARS AND OVER",566
B24,B24123,"DETAILED OCCUPATION BY MEDIAN EARNINGS IN THE PAST 12 MONTHS (IN 2019 INFLATION-ADJUSTED DOLLARS) FOR THE FULL-TIME, YEAR-ROUND CIVILIAN EMPLOYED FEMALE POPULATION 16 YEARS AND OVER",566
B24,B24124,"DETAILED OCCUPATION FOR THE FULL-TIME, YEAR-ROUND CIVILIAN EMPLOYED POPULATION 16 YEARS AND OVER",566
B24,B24125,"DETAILED OCCUPATION FOR THE FULL-TIME, YEAR-ROUND CIVILIAN EMPLOYED MALE POPULATION 16 YEARS AND OVER",566
B24,B24126,"DETAILED OCCUPATION FOR THE FULL-TIME, YEAR-ROUND CIVILIAN EMPLOYED FEMALE POPULATION 16 YEARS AND OVER",566
B25,B25001,HOUSING UNITS,1
B25,B25002,OCCUPANCY STATUS,3
B25,B25003,TENURE,3
B25,B25003,TENURE (AMERICAN INDIAN AND ALASKA NATIVE ALONE HOUSEHOLDER),3
B25,B25003,TENURE (ASIAN ALONE HOUSEHOLDER),3
B25,B25003,TENURE (BLACK OR AFRICAN AMERICAN ALONE HOUSEHOLDER),3
B25,B25003,TENURE (HISPANIC OR LATINO HOUSEHOLDER),3
B25,B25003,TENURE (NATIVE HAWAIIAN AND OTHER PACIFIC ISLANDER ALONE HOUSEHOLDER),3
B25,B25003,TENURE (SOME OTHER RACE ALONE HOUSEHOLDER),3
B25,B25003,TENURE (TWO OR MORE RACES HOUSEHOLDER),3
B25,B25003,TENURE (WHITE ALONE HOUSEHOLDER),3
B25,B25003,"TENURE (WHITE ALONE, NOT HISPANIC OR LATINO HOUSEHOLDER)",3
B25,B25004,VACANCY STATUS,8
B25,B25005,VACANT - CURRENT RESIDENCE ELSEWHERE,3
B25,B25006,RACE OF HOUSEHOLDER,10
B25,B25007,TENURE BY AGE OF HOUSEHOLDER,21
B25,B25008,TOTAL POPULATION IN OCCUPIED HOUSING UNITS BY TENURE,3
B25,B25009,TENURE BY HOUSEHOLD SIZE,17
B25,B25010,AVERAGE HOUSEHOLD SIZE OF OCCUPIED HOUSING UNITS BY TENURE,3
B25,B25011,TENURE BY HOUSEHOLD TYPE (INCLUDING LIVING ALONE) AND AGE OF HOUSEHOLDER,49
B25,B25012,TENURE BY FAMILIES AND PRESENCE OF OWN CHILDREN,17
B25,B25013,TENURE BY EDUCATIONAL ATTAINMENT OF HOUSEHOLDER,11
B25,B25014,OCCUPANTS PER ROOM (AMERICAN INDIAN AND ALASKA NATIVE ALONE HOUSEHOLDER),3
B25,B25014,OCCUPANTS PER ROOM (ASIAN ALONE HOUSEHOLDER),3
B25,B25014,OCCUPANTS PER ROOM (BLACK OR AFRICAN AMERICAN ALONE HOUSEHOLDER),3
B25,B25014,OCCUPANTS PER ROOM (HISPANIC OR LATINO HOUSEHOLDER),3
B25,B25014,OCCUPANTS PER ROOM (NATIVE HAWAIIAN AND OTHER PACIFIC ISLANDER ALONE HOUSEHOLDER),3
B25,B25014,OCCUPANTS PER ROOM (SOME OTHER RACE ALONE HOUSEHOLDER),3
B25,B25014,OCCUPANTS PER ROOM (TWO OR MORE RACES HOUSEHOLDER),3
B25,B25014,OCCUPANTS PER ROOM (WHITE ALONE HOUSEHOLDER),3
B25,B25014,"OCCUPANTS PER ROOM (WHITE ALONE, NOT HISPANIC OR LATINO HOUSEHOLDER)",3
B25,B25014,TENURE BY OCCUPANTS PER ROOM,13
B25,B25015,TENURE BY AGE OF HOUSEHOLDER BY OCCUPANTS PER ROOM,27
B25,B25016,TENURE BY PLUMBING FACILITIES BY OCCUPANTS PER ROOM,19
B25,B25017,ROOMS,10
B25,B25018,MEDIAN NUMBER OF ROOMS,1
B25,B25019,AGGREGATE NUMBER OF ROOMS,1
B25,B25020,TENURE BY ROOMS,21
B25,B25021,MEDIAN NUMBER OF ROOMS BY TENURE,3
B25,B25022,AGGREGATE NUMBER OF ROOMS BY TENURE,3
B25,B25024,UNITS IN STRUCTURE,11
B25,B25026,TOTAL POPULATION IN OCCUPIED HOUSING UNITS BY TENURE BY YEAR HOUSEHOLDER MOVED INTO UNIT,15
B25,B25027,MORTGAGE STATUS BY AGE OF HOUSEHOLDER,17
B25,B25031,MEDIAN GROSS RENT BY BEDROOMS,7
B25,B25032,TENURE BY UNITS IN STRUCTURE,23
B25,B25032,UNITS IN STRUCTURE (AMERICAN INDIAN AND ALASKA NATIVE ALONE HOUSEHOLDER),11
B25,B25032,UNITS IN STRUCTURE (ASIAN ALONE HOUSEHOLDER),11
B25,B25032,UNITS IN STRUCTURE (BLACK OR AFRICAN AMERICAN ALONE HOUSEHOLDER),11
B25,B25032,UNITS IN STRUCTURE (HISPANIC OR LATINO HOUSEHOLDER),11
B25,B25032,UNITS IN STRUCTURE (NATIVE HAWAIIAN AND OTHER PACIFIC ISLANDER ALONE HOUSEHOLDER),11
B25,B25032,UNITS IN STRUCTURE (SOME OTHER RACE ALONE HOUSEHOLDER),11
B25,B25032,UNITS IN STRUCTURE (TWO OR MORE RACES HOUSEHOLDER),11
B25,B25032,UNITS IN STRUCTURE (WHITE ALONE HOUSEHOLDER),11
B25,B25032,"UNITS IN STRUCTURE (WHITE ALONE, NOT HISPANIC OR LATINO HOUSEHOLDER)",11
B25,B25033,TOTAL POPULATION IN OCCUPIED HOUSING UNITS BY TENURE BY UNITS IN STRUCTURE,13
B25,B25034,YEAR STRUCTURE BUILT,11
B25,B25035,MEDIAN YEAR STRUCTURE BUILT,1
B25,B25036,TENURE BY YEAR STRUCTURE BUILT,23
B25,B25037,MEDIAN YEAR STRUCTURE BUILT BY TENURE,3
B25,B25038,TENURE BY YEAR HOUSEHOLDER MOVED INTO UNIT,15
B25,B25039,MEDIAN YEAR HOUSEHOLDER MOVED INTO UNIT BY TENURE,3
B25,B25040,HOUSE HEATING FUEL,10
B25,B25041,BEDROOMS,7
B25,B25042,TENURE BY BEDROOMS,15
B25,B25043,TENURE BY TELEPHONE SERVICE AVAILABLE BY AGE OF HOUSEHOLDER,19
B25,B25044,TENURE BY VEHICLES AVAILABLE,15
B25,B25045,TENURE BY VEHICLES AVAILABLE BY AGE OF HOUSEHOLDER,19
B25,B25046,AGGREGATE NUMBER OF VEHICLES AVAILABLE BY TENURE,3
B25,B25047,PLUMBING FACILITIES FOR ALL HOUSING UNITS,3
B25,B25048,PLUMBING FACILITIES FOR OCCUPIED HOUSING UNITS,3
B25,B25049,TENURE BY PLUMBING FACILITIES,7
B25,B25050,PLUMBING FACILITIES BY OCCUPANTS PER ROOM BY YEAR STRUCTURE BUILT,19
B25,B25051,KITCHEN FACILITIES FOR ALL HOUSING UNITS,3
B25,B25052,KITCHEN FACILITIES FOR OCCUPIED HOUSING UNITS,3
B25,B25053,TENURE BY KITCHEN FACILITIES,7
B25,B25054,KITCHEN FACILITIES BY MEALS INCLUDED IN RENT,7
B25,B25055,AGE OF HOUSEHOLDER BY MEALS INCLUDED IN RENT,13
B25,B25056,CONTRACT RENT,27
B25,B25057,LOWER CONTRACT RENT QUARTILE (DOLLARS),1
B25,B25058,MEDIAN CONTRACT RENT (DOLLARS),1
B25,B25059,UPPER CONTRACT RENT QUARTILE (DOLLARS),1
B25,B25060,AGGREGATE CONTRACT RENT (DOLLARS),1
B25,B25061,RENT ASKED,25
B25,B25062,AGGREGATE RENT ASKED (DOLLARS),1
B25,B25063,GROSS RENT,27
B25,B25064,MEDIAN GROSS RENT (DOLLARS),1
B25,B25065,AGGREGATE GROSS RENT (DOLLARS),1
B25,B25066,AGGREGATE GROSS RENT (DOLLARS) BY UNITS IN STRUCTURE,8
B25,B25067,AGGREGATE GROSS RENT (DOLLARS) BY MEALS INCLUDED IN RENT,3
B25,B25068,BEDROOMS BY GROSS RENT,37
B25,B25069,INCLUSION OF UTILITIES IN RENT,3
B25,B25070,GROSS RENT AS A PERCENTAGE OF HOUSEHOLD INCOME IN THE PAST 12 MONTHS,11
B25,B25071,MEDIAN GROSS RENT AS A PERCENTAGE OF HOUSEHOLD INCOME IN THE PAST 12 MONTHS (DOLLARS),1
B25,B25072,AGE OF HOUSEHOLDER BY GROSS RENT AS A PERCENTAGE OF HOUSEHOLD INCOME IN THE PAST 12 MONTHS,29
B25,B25074,HOUSEHOLD INCOME BY GROSS RENT AS A PERCENTAGE OF HOUSEHOLD INCOME IN THE PAST 12 MONTHS,64
B25,B25075,VALUE,27
B25,B25076,LOWER VALUE QUARTILE (DOLLARS),1
B25,B25077,MEDIAN VALUE (DOLLARS),1
B25,B25078,UPPER VALUE QUARTILE (DOLLARS),1
B25,B25079,AGGREGATE VALUE (DOLLARS) BY AGE OF HOUSEHOLDER,5
B25,B25080,AGGREGATE VALUE (DOLLARS) BY UNITS IN STRUCTURE,8
B25,B25081,MORTGAGE STATUS,8
B25,B25082,AGGREGATE VALUE (DOLLARS) BY MORTGAGE STATUS,3
B25,B25083,MEDIAN VALUE (DOLLARS) FOR MOBILE HOMES,1
B25,B25085,PRICE ASKED,27
B25,B25086,AGGREGATE PRICE ASKED (DOLLARS),1
B25,B25087,MORTGAGE STATUS AND SELECTED MONTHLY OWNER COSTS,39
B25,B25088,MEDIAN SELECTED MONTHLY OWNER COSTS (DOLLARS) BY MORTGAGE STATUS,3
B25,B25089,AGGREGATE SELECTED MONTHLY OWNER COSTS (DOLLARS) BY MORTGAGE STATUS,3
B25,B25090,MORTGAGE STATUS BY AGGREGATE REAL ESTATE TAXES PAID (DOLLARS),3
B25,B25091,MORTGAGE STATUS BY SELECTED MONTHLY OWNER COSTS AS A PERCENTAGE OF HOUSEHOLD INCOME IN THE PAST 12 MONTHS,23
B25,B25092,MEDIAN SELECTED MONTHLY OWNER COSTS AS A PERCENTAGE OF HOUSEHOLD INCOME IN THE PAST 12 MONTHS,3
B25,B25093,AGE OF HOUSEHOLDER BY SELECTED MONTHLY OWNER COSTS AS A PERCENTAGE OF HOUSEHOLD INCOME IN THE PAST 12 MONTHS,29
B25,B25094,SELECTED MONTHLY OWNER COSTS,18
B25,B25095,HOUSEHOLD INCOME BY SELECTED MONTHLY OWNER COSTS AS A PERCENTAGE OF HOUSEHOLD INCOME IN THE PAST 12 MONTHS,73
B25,B25096,MORTGAGE STATUS BY VALUE,21
B25,B25097,MORTGAGE STATUS BY MEDIAN VALUE (DOLLARS),3
B25,B25098,MORTGAGE STATUS BY HOUSEHOLD INCOME IN THE PAST 12 MONTHS (IN 2019 INFLATION-ADJUSTED DOLLARS),19
B25,B25099,MORTGAGE STATUS BY MEDIAN HOUSEHOLD INCOME IN THE PAST 12 MONTHS (IN 2019 INFLATION-ADJUSTED DOLLARS),3
B25,B25100,MORTGAGE STATUS BY RATIO OF VALUE TO HOUSEHOLD INCOME IN THE PAST 12 MONTHS,13
B25,B25101,MORTGAGE STATUS BY MONTHLY HOUSING COSTS AS A PERCENTAGE OF HOUSEHOLD INCOME IN THE PAST 12 MONTHS,45
B25,B25102,MORTGAGE STATUS BY REAL ESTATE TAXES PAID,15
B25,B25103,MORTGAGE STATUS BY MEDIAN REAL ESTATE TAXES PAID (DOLLARS),3
B25,B25104,MONTHLY HOUSING COSTS,17
B25,B25105,MEDIAN MONTHLY HOUSING COSTS (DOLLARS),1
B25,B25106,TENURE BY HOUSING COSTS AS A PERCENTAGE OF HOUSEHOLD INCOME IN THE PAST 12 MONTHS,46
B25,B25107,MEDIAN VALUE BY YEAR STRUCTURE BUILT,11
B25,B25108,AGGREGATE VALUE (DOLLARS) BY YEAR STRUCTURE BUILT,11
B25,B25109,MEDIAN VALUE BY YEAR HOUSEHOLDER MOVED INTO UNIT,7
B25,B25110,AGGREGATE VALUE (DOLLARS) BY YEAR HOUSEHOLDER MOVED INTO UNIT,7
B25,B25111,MEDIAN GROSS RENT BY YEAR STRUCTURE BUILT,11
B25,B25112,AGGREGATE GROSS RENT (DOLLARS) BY YEAR STRUCTURE BUILT,11
B25,B25113,MEDIAN GROSS RENT BY YEAR HOUSEHOLDER MOVED INTO UNIT,7
B25,B25114,AGGREGATE GROSS RENT (DOLLARS) BY YEAR HOUSEHOLDER MOVED INTO UNIT,7
B25,B25115,TENURE BY HOUSEHOLD TYPE AND PRESENCE AND AGE OF OWN CHILDREN,27
B25,B25116,TENURE BY HOUSEHOLD SIZE BY AGE OF HOUSEHOLDER,23
B25,B25117,TENURE BY HOUSE HEATING FUEL,21
B25,B25118,TENURE BY HOUSEHOLD INCOME IN THE PAST 12 MONTHS (IN 2019 INFLATION-ADJUSTED DOLLARS),25
B25,B25119,MEDIAN HOUSEHOLD INCOME THE PAST 12 MONTHS (IN 2019 INFLATION-ADJUSTED DOLLARS) BY TENURE,3
B25,B25120,AGGREGATE HOUSEHOLD INCOME IN THE PAST 12 MONTHS (IN 2019 INFLATION-ADJUSTED DOLLARS) BY TENURE AND MORTGAGE STATUS,5
B25,B25121,HOUSEHOLD INCOME IN THE PAST 12 MONTHS (IN 2019 INFLATION-ADJUSTED DOLLARS) BY VALUE,106
B25,B25122,HOUSEHOLD INCOME IN THE PAST 12 MONTHS (IN 2019 INFLATION-ADJUSTED DOLLARS) BY GROSS RENT,120
B25,B25123,TENURE BY SELECTED PHYSICAL AND FINANCIAL CONDITIONS,13
B25,B25124,TENURE BY HOUSEHOLD SIZE BY UNITS IN STRUCTURE,73
B25,B25125,TENURE BY AGE OF HOUSEHOLDER BY UNITS IN STRUCTURE,45
B25,B25126,TENURE BY AGE OF HOUSEHOLDER BY YEAR STRUCTURE BUILT,69
B25,B25127,TENURE BY YEAR STRUCTURE BUILT BY UNITS IN STRUCTURE,87
B25,B25128,TENURE BY AGE OF HOUSEHOLDER BY YEAR HOUSEHOLDER MOVED INTO UNIT,45
B25,B25129,TENURE BY YEAR HOUSEHOLDER MOVED INTO UNIT BY UNITS IN STRUCTURE,73
B26,B26001,GROUP QUARTERS POPULATION,1
B26,B26101,GROUP QUARTERS TYPE (3 TYPES) BY SEX BY AGE,214
B26,B26102,MEDIAN AGE BY GROUP QUARTERS TYPE (3 TYPES),8
B26,B26103,GROUP QUARTERS TYPE (3 TYPES),8
B26,B26103,GROUP QUARTERS TYPE (3 TYPES) (AMERICAN INDIAN AND ALASKA NATIVE ALONE),8
B26,B26103,GROUP QUARTERS TYPE (3 TYPES) (ASIAN ALONE),8
B26,B26103,GROUP QUARTERS TYPE (3 TYPES) (BLACK OR AFRICAN AMERICAN ALONE),8
B26,B26103,GROUP QUARTERS TYPE (3 TYPES) (HISPANIC OR LATINO),8
B26,B26103,GROUP QUARTERS TYPE (3 TYPES) (NATIVE HAWAIIAN AND OTHER PACIFIC ISLANDER ALONE),8
B26,B26103,GROUP QUARTERS TYPE (3 TYPES) (SOME OTHER RACE ALONE),8
B26,B26103,GROUP QUARTERS TYPE (3 TYPES) (TWO OR MORE RACES),8
B26,B26103,GROUP QUARTERS TYPE (3 TYPES) (WHITE ALONE),8
B26,B26103,"GROUP QUARTERS TYPE (3 TYPES) (WHITE ALONE, NOT HISPANIC OR LATINO)",8
B26,B26104,GROUP QUARTERS TYPE (3 TYPES) BY MARITAL STATUS,43
B26,B26105,GROUP QUARTERS TYPE (3 TYPES) BY SCHOOL ENROLLMENT,22
B26,B26106,GROUP QUARTERS TYPE (3 TYPES) BY EDUCATIONAL ATTAINMENT,36
B26,B26107,GROUP QUARTERS TYPE (3 TYPES) BY VETERAN STATUS,22
B26,B26108,GROUP QUARTERS TYPE (3 TYPES) BY AGE BY DISABILITY STATUS,82
B26,B26109,GROUP QUARTERS TYPE (3 TYPES) BY GEOGRAPHICAL MOBILITY IN THE PAST YEAR FOR CURRENT RESIDENCE IN THE UNITED STATES,57
B26,B26110,GROUP QUARTERS TYPE (3 TYPES) BY NATIVITY AND CITIZENSHIP STATUS BY SEX,92
B26,B26113,GROUP QUARTERS TYPE (3 TYPES) BY LANGUAGE SPOKEN AT HOME BY ABILITY TO SPEAK ENGLISH,36
B26,B26114,GROUP QUARTERS TYPE (3 TYPES) BY EMPLOYMENT STATUS,35
B26,B26115,GROUP QUARTERS TYPE (3 TYPES) BY OCCUPATION,19
B26,B26117,GROUP QUARTERS TYPE (3 TYPES) BY SEX WITH EARNINGS IN THE PAST 12 MONTHS,22
B26,B26118,AGGREGATE EARNINGS IN THE PAST 12 MONTHS BY GROUP QUARTERS TYPE (3 TYPES) BY SEX,22
B26,B26119,MEDIAN EARNINGS IN THE PAST 12 MONTHS BY GROUP QUARTERS TYPE (3 TYPES) BY SEX,22
B26,B26120,GROUP QUARTERS TYPE (3 TYPES) BY RECEIPT OF FOOD STAMPS/SNAP IN THE PAST 12 MONTHS,18
B26,B26201,GROUP QUARTERS TYPE (5 TYPES) BY SEX BY AGE,253
B26,B26202,MEDIAN AGE BY GROUP QUARTERS TYPE (5 TYPES),10
B26,B26203,GROUP QUARTERS TYPE (5 TYPES),10
B26,B26203,GROUP QUARTERS TYPE (5 TYPES) (AMERICAN INDIAN AND ALASKA NATIVE ALONE),10
B26,B26203,GROUP QUARTERS TYPE (5 TYPES) (ASIAN ALONE),10
B26,B26203,GROUP QUARTERS TYPE (5 TYPES) (BLACK OR AFRICAN AMERICAN ALONE),10
B26,B26203,GROUP QUARTERS TYPE (5 TYPES) (HISPANIC OR LATINO),10
B26,B26203,GROUP QUARTERS TYPE (5 TYPES) (NATIVE HAWAIIAN AND OTHER PACIFIC ISLANDER ALONE),10
B26,B26203,GROUP QUARTERS TYPE (5 TYPES) (SOME OTHER RACE ALONE),10
B26,B26203,GROUP QUARTERS TYPE (5 TYPES) (TWO OR MORE RACES),10
B26,B26203,GROUP QUARTERS TYPE (5 TYPES) (WHITE ALONE),10
B26,B26203,"GROUP QUARTERS TYPE (5 TYPES) (WHITE ALONE, NOT HISPANIC OR LATINO)",10
B26,B26204,GROUP QUARTERS TYPE (5 TYPES) BY MARITAL STATUS,55
B26,B26205,GROUP QUARTERS TYPE (5 TYPES) BY SCHOOL ENROLLMENT,28
B26,B26206,GROUP QUARTERS TYPE (5 TYPES) BY EDUCATIONAL ATTAINMENT,41
B26,B26207,GROUP QUARTERS TYPE (5 TYPES) BY VETERAN STATUS,28
B26,B26208,GROUP QUARTERS TYPE (5 TYPES) BY AGE BY DISABILITY STATUS,103
B26,B26209,GROUP QUARTERS TYPE (5 TYPES) BY GEOGRAPHICAL MOBILITY IN THE PAST YEAR FOR CURRENT RESIDENCE IN THE UNITED STATES,73
B26,B26210,GROUP QUARTERS TYPE (5 TYPES) BY NATIVITY AND CITIZENSHIP STATUS BY SEX,118
B26,B26211,GROUP QUARTERS TYPE (5 TYPES) BY YEAR OF ENTRY,37
B26,B26212,GROUP QUARTERS TYPE (5 TYPES) BY WORLD REGION OF BIRTH,46
B26,B26213,GROUP QUARTERS TYPE (5 TYPES) BY LANGUAGE SPOKEN AT HOME BY ABILITY TO SPEAK ENGLISH,46
B26,B26214,GROUP QUARTERS TYPE (5 TYPES) BY EMPLOYMENT STATUS,44
B26,B26215,GROUP QUARTERS TYPE (5 TYPES) BY OCCUPATION,25
B26,B26216,AGGREGATE INCOME IN THE PAST 12 MONTHS BY GROUP QUARTERS TYPE (5 TYPES),10
B26,B26217,GROUP QUARTERS TYPE (5 TYPES) BY SEX WITH EARNINGS IN THE PAST 12 MONTHS,28
B26,B26218,AGGREGATE EARNINGS IN THE PAST 12 MONTHS BY GROUP QUARTERS TYPE (5 TYPES) BY SEX,28
B26,B26219,MEDIAN EARNINGS IN THE PAST 12 MONTHS BY GROUP QUARTERS TYPE (5 TYPES) BY SEX,28
B26,B26220,GROUP QUARTERS TYPE (5 TYPES) BY RECEIPT OF FOOD STAMPS/SNAP IN THE PAST 12 MONTHS,24
B27,B27001,HEALTH INSURANCE COVERAGE STATUS BY AGE (AMERICAN INDIAN AND ALASKA NATIVE ALONE),28
B27,B27001,HEALTH INSURANCE COVERAGE STATUS BY AGE (ASIAN ALONE),28
B27,B27001,HEALTH INSURANCE COVERAGE STATUS BY AGE (BLACK OR AFRICAN AMERICAN ALONE),28
B27,B27001,HEALTH INSURANCE COVERAGE STATUS BY AGE (HISPANIC OR LATINO),28
B27,B27001,HEALTH INSURANCE COVERAGE STATUS BY AGE (NATIVE HAWAIIAN AND OTHER PACIFIC ISLANDER ALONE),28
B27,B27001,HEALTH INSURANCE COVERAGE STATUS BY AGE (SOME OTHER RACE ALONE),28
B27,B27001,HEALTH INSURANCE COVERAGE STATUS BY AGE (TWO OR MORE RACES),28
B27,B27001,HEALTH INSURANCE COVERAGE STATUS BY AGE (WHITE ALONE),28
B27,B27001,"HEALTH INSURANCE COVERAGE STATUS BY AGE (WHITE ALONE, NOT HISPANIC OR LATINO)",28
B27,B27001,HEALTH INSURANCE COVERAGE STATUS BY SEX BY AGE,57
B27,B27002,PRIVATE HEALTH INSURANCE STATUS BY SEX BY AGE,57
B27,B27003,PUBLIC HEALTH INSURANCE STATUS BY SEX BY AGE,57
B27,B27004,EMPLOYER-BASED HEALTH INSURANCE  BY SEX BY AGE,57
B27,B27005,DIRECT-PURCHASE HEALTH INSURANCE BY SEX BY AGE,57
B27,B27006,MEDICARE COVERAGE BY SEX BY AGE,57
B27,B27007,MEDICAID/MEANS-TESTED PUBLIC COVERAGE BY SEX BY AGE,57
B27,B27008,TRICARE/MILITARY HEALTH COVERAGE BY SEX BY AGE,57
B27,B27009,VA HEALTH CARE BY SEX BY AGE,57
B27,B27010,TYPES OF HEALTH INSURANCE COVERAGE BY AGE,66
B27,B27011,HEALTH INSURANCE COVERAGE STATUS AND TYPE BY EMPLOYMENT STATUS,17
B27,B27012,HEALTH INSURANCE COVERAGE STATUS AND TYPE BY WORK EXPERIENCE BY SEX,46
B27,B27013,PRIVATE HEALTH INSURANCE BY WORK EXPERIENCE BY SEX,22
B27,B27014,PUBLIC HEALTH INSURANCE BY WORK EXPERIENCE BY SEX,22
B27,B27015,HEALTH INSURANCE COVERAGE STATUS AND TYPE BY HOUSEHOLD INCOME IN THE PAST 12 MONTHS (IN 2019 INFLATION-ADJUSTED DOLLARS),26
B27,B27016,HEALTH INSURANCE COVERAGE STATUS AND TYPE BY RATIO OF INCOME TO POVERTY LEVEL IN THE PAST 12 MONTHS BY AGE,199
B27,B27017,PRIVATE HEALTH INSURANCE  BY RATIO OF INCOME TO POVERTY LEVEL IN THE PAST 12 MONTHS BY AGE,91
B27,B27018,PUBLIC HEALTH INSURANCE BY RATIO OF INCOME TO POVERTY LEVEL IN THE PAST 12 MONTHS BY AGE,91
B27,B27019,HEALTH INSURANCE COVERAGE STATUS AND TYPE BY AGE BY EDUCATIONAL ATTAINMENT,43
B27,B27020,HEALTH INSURANCE COVERAGE STATUS AND TYPE BY CITIZENSHIP STATUS,17
B27,B27021,HEALTH INSURANCE COVERAGE STATUS AND TYPE BY LIVING ARRANGEMENT,53
B27,B27022,HEALTH INSURANCE COVERAGE STATUS BY SEX BY ENROLLMENT STATUS FOR YOUNG ADULTS AGED 19 TO 25,15
B27,B27023,PRIVATE HEALTH INSURANCE BY SEX BY ENROLLMENT STATUS FOR YOUNG ADULTS AGED 19 TO 25,15
B28,B28001,TYPES OF COMPUTERS IN HOUSEHOLD,11
B28,B28002,PRESENCE AND TYPES OF INTERNET SUBSCRIPTIONS IN HOUSEHOLD,13
B28,B28003,PRESENCE OF A COMPUTER AND TYPE OF INTERNET SUBSCRIPTION IN HOUSEHOLD,6
B28,B28004,HOUSEHOLD INCOME IN THE LAST 12 MONTHS (IN 2019 INFLATION-ADJUSTED DOLLARS) BY PRESENCE AND TYPE OF INTERNET SUBSCRIPTION IN HOUSEHOLD,25
B28,B28005,AGE BY PRESENCE OF A COMPUTER AND TYPES OF INTERNET SUBSCRIPTION IN HOUSEHOLD,19
B28,B28006,EDUCATIONAL ATTAINMENT BY PRESENCE OF A COMPUTER AND TYPES OF INTERNET SUBSCRIPTION IN HOUSEHOLD,19
B28,B28007,LABOR FORCE STATUS BY PRESENCE OF A COMPUTER AND TYPES OF INTERNET SUBSCRIPTION IN HOUSEHOLD,20
B28,B28008,PRESENCE OF A COMPUTER AND TYPE OF INTERNET SUBSCRIPTION IN HOUSEHOLD,10
B28,B28009,PRESENCE OF A COMPUTER AND TYPE OF INTERNET SUBSCRIPTION IN HOUSEHOLD (AMERICAN INDIAN AND ALASKA NATIVE ALONE),6
B28,B28009,PRESENCE OF A COMPUTER AND TYPE OF INTERNET SUBSCRIPTION IN HOUSEHOLD (ASIAN ALONE),6
B28,B28009,PRESENCE OF A COMPUTER AND TYPE OF INTERNET SUBSCRIPTION IN HOUSEHOLD (BLACK OR AFRICAN AMERICAN ALONE),6
B28,B28009,PRESENCE OF A COMPUTER AND TYPE OF INTERNET SUBSCRIPTION IN HOUSEHOLD (HISPANIC OR LATINO),6
B28,B28009,PRESENCE OF A COMPUTER AND TYPE OF INTERNET SUBSCRIPTION IN HOUSEHOLD (NATIVE HAWAIIAN AND OTHER PACIFIC ISLANDER ALONE),6
B28,B28009,PRESENCE OF A COMPUTER AND TYPE OF INTERNET SUBSCRIPTION IN HOUSEHOLD (SOME OTHER RACE ALONE),6
B28,B28009,PRESENCE OF A COMPUTER AND TYPE OF INTERNET SUBSCRIPTION IN HOUSEHOLD (TWO OR MORE RACES),6
B28,B28009,PRESENCE OF A COMPUTER AND TYPE OF INTERNET SUBSCRIPTION IN HOUSEHOLD (WHITE ALONE),6
B28,B28009,"PRESENCE OF A COMPUTER AND TYPE OF INTERNET SUBSCRIPTION IN HOUSEHOLD (WHITE ALONE, NOT HISPANIC OR LATINO)",6
B28,B28010,COMPUTERS IN HOUSEHOLD,7
B28,B28011,INTERNET SUBSCRIPTIONS IN HOUSEHOLD,8
